Country,Rank,Account,Title,Category,Followers,Audience Country,Authentic engagement,Engagement avg,Scraped
All,1,cristiano,Cristiano Ronaldo,Sports with a ball,400100000,India,7800000,9500000,50:24.8
All,2,kyliejenner,Kylie 🤍,Fashion|Modeling|Beauty,308800000,United States,6200000,10100000,50:24.8
All,3,leomessi,Leo Messi,Sports with a ball|Family,306300000,Argentina,4800000,6500000,50:24.8
All,4,kendalljenner,Kendall,Modeling|Fashion,217800000,United States,3400000,5400000,50:24.8
All,5,selenagomez,Selena Gomez,Music|Lifestyle,295800000,United States,2700000,3600000,50:24.8
All,6,zendaya,Zendaya,Cinema|Actors/actresses|Fashion,127800000,United States,5800000,7800000,50:24.8
All,7,kimkardashian,Kim Kardashian West,Fashion|Beauty,284900000,United States,2200000,3300000,50:24.8
All,8,beyonce,Beyoncé,Music|Fashion,237200000,United States,2500000,3600000,50:24.8
All,9,arianagrande,Ariana Grande,Music,294100000,United States,1700000,2400000,50:24.8
All,10,billieeilish,BILLIE EILISH,Music,100000000,United States,5300000,7000000,50:24.8
All,11,neymarjr,NJ 🇧🇷,Sports with a ball,169800000,Brazil,2800000,4000000,50:24.8
All,12,lalalalisa_m,LISA,Music,73100000,Indonesia,7500000,8600000,50:24.8
All,13,jennierubyjane,J,Music,62300000,Indonesia,6400000,7600000,50:24.8
All,14,tomholland2013,Tom Holland,Cinema|Actors/actresses,60900000,United States,5900000,7200000,50:24.8
All,15,virat.kohli,Virat Kohli,Sports with a ball,182600000,India,2100000,2400000,50:24.8
All,16,abcdefghi__lmnopqrstuvwxyz,Jungkook,,32100000,United States,13400000,13400000,50:24.8
All,17,khaby00,Khaby Lame,,69200000,Iran,4000000,6100000,50:24.8
All,18,khloekardashian,Khloé Kardashian,Clothing|Outfits|Lifestyle,219400000,United States,1500000,1900000,50:24.8
All,19,sooyaaa__,JISOO🤍,Music|Beauty,56100000,Indonesia,6300000,7200000,50:24.8
All,20,justinbieber,Justin Bieber,Music,219800000,India,1200000,1800000,50:24.8
All,21,thv,V,,34100000,,10400000,10400000,50:24.8
All,22,roses_are_rosie,ROSÉ,Music,55100000,Indonesia,5500000,6400000,50:24.8
All,23,badgalriri,badgalriri,Music|Beauty,120900000,United States,1700000,2800000,50:24.8
All,24,nickiminaj,Barbie,Music,174000000,United States,1200000,1900000,50:24.8
All,25,iamcardib,Cardi B,Music|Fashion,123100000,United States,1800000,2600000,50:24.8
All,26,jin,Jin of BTS,,28400000,United States,11100000,11100000,50:24.8
All,27,agustd,SUGA of BTS 민윤기,,27900000,,10600000,10600000,50:24.8
All,28,therock,therock,Cinema|Actors/actresses|Fitness|Gym,295800000,India,741000,994800,50:24.8
All,29,instagram,Instagram,Photography,469600000,India,490400,608100,50:24.8
All,30,zayn,Zayn Malik,Music,44500000,India,3800000,6000000,50:24.8
All,31,champagnepapi,champagnepapi,Music,102600000,United States,1500000,2500000,50:24.8
All,32,rkive,RM,,28000000,,8900000,8900000,50:24.8
All,33,kourtneykardash,Kourtney ❤️,Lifestyle,162200000,United States,1100000,1500000,50:24.8
All,34,uarmyhope,jhope,,28500000,United States,8500000,8500000,50:24.8
All,35,badbunnypr,,Music,37800000,United States,4100000,6500000,50:24.8
All,36,katrinakaif,Katrina Kaif,Beauty,61600000,India,3300000,3800000,50:24.8
All,37,adele,Adele,Music,49100000,United States,2800000,3900000,50:24.8
All,38,harrystyles,,Music|Fashion,43000000,Brazil,3000000,4000000,50:24.8
All,39,kingjames,👑,Sports with a ball,111400000,United States,884300,1500000,50:24.8
All,40,jlo,Jennifer Lopez,Music|Cinema|Actors/actresses,194900000,United States,679200,856000,50:24.8
All,41,k.mbappe,Kylian Mbappé,Sports with a ball,65800000,France,1700000,2400000,50:24.8
All,42,karolg,KAROL G,Music,47300000,Mexico,2600000,3200000,50:24.8
All,43,gigihadid,Gigi Hadid,Modeling|Lifestyle,72300000,United States,1300000,1900000,50:24.8
All,44,anushkasharma,AnushkaSharma1588,Cinema|Actors/actresses,56900000,India,2200000,2400000,50:24.8
All,45,narendramodi,Narendra Modi,Finance|Economics|Business|Careers,65300000,India,1800000,2000000,50:24.8
All,46,eunwo.o_c,차은우,Music|Lifestyle,26500000,Indonesia,3700000,4600000,50:24.8
All,47,dualipa,DUA LIPA,Music,78700000,Mexico,1200000,1400000,50:24.8
All,48,charlidamelio,cd,Lifestyle|Shows,47100000,United States,1900000,2400000,50:24.8
All,49,ester_exposito,Ester 🌙,Cinema|Actors/actresses,29000000,Russia,2500000,3700000,50:24.8
All,50,mileycyrus,Miley Cyrus,Music,160200000,United States,501600,667900,50:24.8
All,51,georginagio,Georgina Rodríguez,Lifestyle|Fashion|Clothing|Outfits,33400000,India,2200000,3200000,50:24.8
All,52,actorleeminho,이민호 leeminho,Cinema|Actors/actresses,28200000,Indonesia,2900000,3800000,50:24.8
All,53,gal_gadot,Gal Gadot,Cinema|Actors/actresses,73600000,United States,1100000,1400000,50:24.8
All,54,fcbarcelona,FC Barcelona,Sports with a ball,105100000,Indonesia,621000,950400,50:24.8
All,55,akshaykumar,Akshay Kumar,Cinema|Actors/actresses,59500000,India,1400000,1600000,50:24.8
All,56,shawnmendes,Shawn Mendes,Music,66500000,Brazil,923900,1400000,50:24.8
All,57,milliebobbybrown,Millie Bobby Brown,Cinema|Actors/actresses,47500000,Brazil,1400000,1700000,50:24.8
All,58,chrishemsworth,Chris Hemsworth,Cinema|Actors/actresses,53500000,India,1200000,1500000,50:24.8
All,59,dlwlrma,이지금 IU,Art|Artists,25000000,South Korea,2700000,3200000,50:24.8
All,60,oliviarodrigo,Olivia Rodrigo,Music|Cinema|Actors/actresses,21600000,India,2900000,3600000,50:24.8
All,61,mosalah,Mohamed Salah,Sports with a ball,47900000,Egypt,1100000,1600000,50:24.8
All,62,rashmika_mandanna,Rashmika Mandanna,Beauty|Art|Artists|Cinema|Actors/actresses,28600000,India,2300000,2700000,50:24.8
All,63,lelepons,Lele Pons,Music,47300000,Mexico,1000000,1600000,50:24.8
All,64,ursulolita,Úrsula Corberó 🐣,Cinema|Actors/actresses|Modeling,24900000,Brazil,2000000,3000000,50:24.8
All,65,priyankachopra,Priyanka,Cinema|Actors/actresses,74000000,India,817700,997000,50:24.8
All,66,lilireinhart,Lili Reinhart,Cinema|Actors/actresses,29300000,Brazil,1700000,2500000,50:24.8
All,67,handemiyy,Hande Erçel,Cinema|Actors/actresses,26700000,Turkey,2000000,2700000,50:24.8
All,68,ddlovato,Demi Lovato,Music,125800000,United States,439400,564800,50:24.8
All,69,blackpinkofficial,BLΛƆKPIИK,Music,45200000,Indonesia,1200000,1500000,50:24.8
All,70,whinderssonnunes,Whindersson Nunes,Humor|Fun|Happiness,57100000,Brazil,781800,1200000,50:24.8
All,71,shraddhakapoor,Shraddha ✶,Cinema|Actors/actresses,68900000,India,797300,921500,50:24.8
All,72,meganfox,Megan Fox,Cinema|Actors/actresses,18800000,United States,2000000,3300000,50:24.8
All,73,haileybieber,Hailey Rhode Baldwin Bieber,Lifestyle|Modeling,41000000,United States,1100000,1500000,50:24.8
All,74,bn_sj2013,박서준,Cinema|Actors/actresses|Modeling|Lifestyle,20900000,Indonesia,2500000,3000000,50:24.8
All,75,kimberly.loaiza,KIM LOAIZA 🖤,Clothing|Outfits|Lifestyle,33400000,Mexico,1500000,1900000,50:24.8
All,76,real__pcy,EXO_CY,Music,23600000,Indonesia,2200000,2700000,50:24.8
All,77,katyperry,KATY PERRY,Music,151900000,Brazil,319500,408100,50:24.8
All,78,davidbeckham,David Beckham,Family|Sports with a ball,71100000,India,653200,866300,50:24.8
All,79,camila_cabello,camila,Music,60000000,Brazil,747600,1000000,50:24.8
All,80,paulpogba,Paul Labile Pogba,Sports with a ball,51500000,Brazil,623400,1100000,50:24.8
All,81,aliaabhatt,Gangubai 🤍🙏,Cinema|Actors/actresses,58900000,India,781800,970900,50:24.8
All,82,dojacat,Doja Cat,Music,19700000,United States,2100000,2900000,50:24.8
All,83,iamsrk,Shah Rukh Khan,Cinema|Actors/actresses,28000000,India,1600000,2000000,50:24.8
All,84,realmadrid,Real Madrid C.F.,Sports with a ball,109800000,Spain,364000,505000,50:24.8
All,85,jongsuk0206,이종석,Cinema|Actors/actresses,21800000,Indonesia,1900000,2500000,50:24.8
All,86,miakhalifa,Mia K.,Fitness|Gym|Lifestyle,27000000,India,1300000,2000000,50:24.8
All,87,nasa,NASA,Science|Photography,73900000,India,637700,738600,50:24.8
All,88,bellahadid,Bella 🦋,Modeling,49100000,United States,685300,1100000,50:24.8
All,89,oohsehun,SEHUN,Music,22800000,Indonesia,1900000,2400000,50:24.8
All,90,niallhoran,Niall Horan,Music,29200000,United States,1300000,1800000,50:24.8
All,91,hoooooyeony,Hoyeon,Lifestyle,23500000,South Korea,1700000,2200000,50:24.8
All,92,addisonraee,Addison Rae,Beauty,40300000,United States,826000,1300000,50:24.8
All,93,beingsalmankhan,Salman Khan,Cinema|Actors/actresses|Art|Artists,49500000,India,818300,1000000,50:24.8
All,94,twicetagram,TWICE,Music|Modeling,23500000,Indonesia,1700000,2100000,50:24.8
All,95,emmawatson,Emma Watson,Literature|Journalism|Cinema|Actors/actresses|Fashion,65700000,United States,549600,753600,50:24.8
All,96,zacefron,Zac Efron,Cinema|Actors/actresses,51400000,United States,665400,961700,50:24.8
All,97,nike,Nike,Fitness|Gym|Shopping|Retail|Clothing|Outfits,199000000,United States,200500,257800,50:24.8
All,98,madelame,Madelaine Petsch,Cinema|Actors/actresses,25400000,Russia,1400000,1900000,50:24.8
All,99,virginia,Virginia Fonseca Costa,Shows|Lifestyle,33300000,Brazil,923300,1400000,50:24.8
All,100,jenniferaniston,Jennifer Aniston,Cinema|Actors/actresses,39600000,Brazil,826400,1200000,50:24.8
All,101,iamhalsey,halsey,Music,28300000,United States,1300000,1700000,50:24.8
All,102,paulodybala,Paulo Dybala,Sports with a ball,45500000,Argentina,640200,1000000,50:24.8
All,103,dovecameron,DOVE,Cinema|Actors/actresses,44900000,United States,787900,1000000,50:24.8
All,104,antonelaroccuzzo,Antonela Roccuzzo,Modeling|Family,18700000,Argentina,1500000,2400000,50:24.8
All,105,camimendes,camila mendes,Cinema|Actors/actresses,26900000,Brazil,1100000,1600000,50:24.8
All,106,theweeknd,The Weeknd,Music,36700000,United States,858800,1200000,50:24.8
All,107,norafatehi,Nora Fatehi,Cinema|Actors/actresses|Music|Shows,37800000,India,917500,1100000,50:24.8
All,108,iamzlatanibrahimovic,Zlatan Ibrahimović,Sports with a ball,52100000,Italy,525300,806100,50:24.8
All,109,karimbenzema,Karim Benzema,Sports with a ball,45200000,France,620700,895300,50:24.8
All,110,nehakakkar,Neha Kakkar (Mrs. Singh),Music,67600000,India,511500,595900,50:24.8
All,111,skawngur,남주혁,Cinema|Actors/actresses,16700000,Indonesia,1700000,2400000,50:24.8
All,112,chrisbrownofficial,BREEZY,Music,103900000,United States,247700,388400,50:24.8
All,113,hi_high_hiy,황인엽,Cinema|Actors/actresses,12300000,South Korea,2700000,3200000,50:24.8
All,114,realstraykids,Stray Kids,Music,19100000,Indonesia,1600000,2000000,50:24.8
All,115,songkang_b,송강,,12800000,Mexico,2100000,2900000,50:24.8
All,116,vindiesel,Vin Diesel,Cinema|Actors/actresses,78200000,Brazil,363400,467200,50:24.8
All,117,sergioramos,Sergio Ramos,Sports with a ball,49400000,Spain,477400,731700,50:24.8
All,118,shakira,Shakira,Music,71600000,India,367500,500700,50:24.8
All,119,louist91,Louis Tomlinson,Music,18100000,Brazil,1400000,2000000,50:24.8
All,120,ladygaga,Lady Gaga,Music|Cinema|Actors/actresses,51400000,United States,483200,674700,50:24.8
All,121,varundvn,VarunDhawan,Cinema|Actors/actresses,39900000,India,706500,862400,50:24.8
All,122,kjapa,KJ Apa,Cinema|Actors/actresses,19100000,United States,1200000,1800000,50:24.8
All,123,dannapaola,Danna Paola,Music,33200000,Mexico,705800,1000000,50:24.8
All,124,iansomerhalder,iansomerhalder,Cinema|Actors/actresses,22300000,United States,1000000,1500000,50:24.8
All,125,saraalikhan95,Sara Ali Khan,Cinema|Actors/actresses,39300000,India,699900,852000,50:24.8
All,126,jannatzubair29,Jannat Zubair Rahmani,Cinema|Actors/actresses,40000000,India,682800,833600,50:24.8
All,127,deepikapadukone,Deepika Padukone,Cinema|Actors/actresses,64200000,India,394500,516300,50:24.8
All,128,championsleague,UEFA Champions League,Sports with a ball,87900000,Brazil,277700,376000,50:24.8
All,129,sabrinacarpenter,Sabrina Carpenter,Music,26600000,Brazil,1000000,1200000,50:24.8
All,130,juliette,Juliette,Cinema|Actors/actresses,33400000,Brazil,629400,996000,50:24.8
All,131,alluarjunonline,Allu Arjun,Cinema|Actors/actresses,16400000,India,1600000,2000000,50:24.8
All,132,maluma,MALUMA,Music,60900000,Italy,341400,529300,50:24.8
All,133,hazardeden_10,Eden Hazard,Sports with a ball,26900000,Spain,729500,1200000,50:24.8
All,134,hrithikroshan,Hrithik Roshan,Cinema|Actors/actresses,41300000,India,601800,761600,50:24.8
All,135,luisitocomunica,Luisillo El Pillo,Humor|Fun|Happiness|Clothing|Outfits,31000000,Mexico,734700,970700,50:24.8
All,136,jacksonwang852g7,Jackson Wang 王嘉爾 왕잭슨,Music,27000000,China,934200,1100000,50:24.8
All,137,madisonbeer,Madison Beer,Music,30100000,United States,665500,992500,50:24.8
All,138,kunaguero,Sergio Leonel Agüero,Sports with a ball,21800000,Argentina,777700,1300000,50:24.8
All,139,elrubiuswtf,el rubius WTF,Computers|Gadgets,16000000,Mexico,1600000,1800000,50:24.8
All,140,mrbeast,MrBeast,Shows|Humor|Fun|Happiness,17400000,United States,1300000,1700000,50:24.8
All,141,rohitsharma45,Rohit Sharma,Sports with a ball|Lifestyle,22500000,India,1100000,1300000,50:24.8
All,142,madelyncline,Maddie,,12100000,United States,1700000,2400000,50:24.8
All,143,stephencurry30,Wardell Curry,Sports with a ball|Family,39800000,United States,542300,725500,50:24.8
All,144,_jeongjaehyun,Jaehyun,,10400000,Indonesia,2200000,2800000,50:24.8
All,145,jamesrodriguez10,James Rodríguez,Sports with a ball,48600000,Colombia,388400,591100,50:24.8
All,146,433,433,Sports with a ball,46800000,Spain,366400,609700,50:24.8
All,147,eminem,Marshall Mathers,Cinema|Actors/actresses|Music,33900000,Iran,648400,837800,50:24.8
All,148,phil.coutinho,Philippe Coutinho,Sports with a ball,24100000,Brazil,704100,1100000,50:24.8
All,149,noahschnapp,Noah Schnapp®,Cinema|Actors/actresses,19900000,Brazil,1100000,1400000,50:24.8
All,150,rosalia.vt,LA ROSALÍA,Music,18600000,Spain,1100000,1500000,50:24.8
All,151,lewishamilton,Lewis Hamilton,Racing|Sports,26900000,Brazil,707800,1000000,50:24.8
All,152,dixiedamelio,dixie,Music|Clothing|Outfits,25300000,United States,732000,1100000,50:24.8
All,153,anuel,“REAL HASTA LA MUERTE”,Music,26800000,Spain,660300,1000000,50:24.8
All,154,riaricis1795,RICIS,Lifestyle,29800000,Indonesia,726900,890800,50:24.8
All,155,emmachamberlain,emma chamberlain,Lifestyle|Shows,15100000,United States,1100000,1700000,50:24.8
All,156,thenotoriousmma,Conor McGregor Official,Fitness|Gym,44000000,United States,398700,579600,50:24.8
All,157,kartikaaryan,KARTIK AARYAN,Cinema|Actors/actresses,23400000,India,860600,1100000,50:24.8
All,158,brentrivera,Brent Rivera,Music|Cinema|Actors/actresses,22100000,United States,865300,1100000,50:24.8
All,159,kritisanon,Kriti,Modeling,45900000,India,457600,534300,50:24.8
All,160,shahidkapoor,Shahid Kapoor,Cinema|Actors/actresses,33100000,India,644200,731200,50:24.8
All,161,dishapatani,disha patani (paatni) 🦋,Cinema|Actors/actresses|Lifestyle,48500000,India,402800,495900,50:24.8
All,162,marcelotwelve,Marcelo Vieira,Sports with a ball,51900000,Spain,308000,463000,50:24.8
All,163,nina,Nina Dobrev,Cinema|Actors/actresses,25200000,Brazil,653400,937800,50:24.8
All,164,manchesterunited,Manchester United,Sports with a ball,54700000,United Kingdom,270400,431000,50:24.8
All,165,cznburak,Burak Özdemir,Food|Cooking,31200000,Turkey,556200,755000,50:24.8
All,166,thedeverakonda,Vijay Deverakonda,Cinema|Actors/actresses,14600000,India,1300000,1600000,50:24.8
All,167,brunamarquezine,Bruna Marquezine,Cinema|Actors/actresses,42000000,Brazil,320000,552600,50:24.8
All,168,natgeo,National Geographic,Nature  landscapes|Science|Photography,206600000,United States,85700,111800,50:24.8
All,169,nusr_et,Nusr_et#Saltbae,Food|Cooking,42200000,Turkey,371300,546600,50:24.8
All,170,taehyung.bighitentertainment,TAEHYUNG (김태형) Updates,Management|Marketing|Music,10600000,Indonesia,2100000,2200000,50:24.8
All,171,haileesteinfeld,hailee steinfeld,Cinema|Actors/actresses,17800000,United States,1000000,1300000,50:24.8
All,172,skuukzky,숮이  💄💅👡👠🎀👙🌂👗🌂🎀💋💌,Clothing|Outfits|Music,17300000,Indonesia,1100000,1300000,50:24.8
All,173,garethbale11,Gareth Bale,Sports with a ball,46000000,Spain,314300,492800,50:24.8
All,174,sadiesink_,Sadie Sink,Modeling|Lifestyle|Beauty,15200000,Brazil,1000000,1500000,50:24.8
All,175,domelipa,domelipa,Lifestyle,16500000,Mexico,1100000,1300000,50:24.8
All,176,daviddobrik,DAVID DOBRIK,Humor|Fun|Happiness|Cinema|Actors/actresses,12500000,United States,1200000,1800000,50:24.8
All,177,samantharuthprabhuoffl,Samantha,Beauty|Modeling|Cinema|Actors/actresses,21600000,India,854800,1000000,50:24.8
All,178,feliciathegoat,"Tyler, The Creator",Music,12000000,United States,1100000,1800000,50:24.8
All,179,anitta,Anitta 🎤,Music,59100000,Brazil,195000,369300,50:24.8
All,180,miguel.g.herran,Miguel Herrán,Cinema|Actors/actresses,14400000,Brazil,994500,1500000,50:24.8
All,181,carryminati,𝑨𝒋𝒆𝒚 𝑵𝒂𝒈𝒂𝒓,Computers|Gadgets|Machinery|Technologies,14500000,India,1300000,1500000,50:24.8
All,182,jungkook_bighitentertainment,JUNGKOOK (전정국) Updates,Management|Marketing|Music,10200000,Brazil,1900000,2100000,50:24.8
All,183,loganpaul,Logan Paul,Fitness|Gym,22200000,United States,719300,960500,50:24.8
All,184,johnnydepp,Johnny Depp,Cinema|Actors/actresses,11700000,India,1400000,1800000,50:24.8
All,185,phs1116,박형식 / PARKHYUNGSIK,Business|Careers,9200000,Indonesia,1900000,2300000,50:24.8
All,186,xxxibgdrgn,권지용(權志龍),Photography|Fashion,20400000,Indonesia,811200,1000000,50:24.8
All,187,theestallion,Megan Thee Stallion,Music,27500000,United States,437700,764300,50:24.8
All,188,kiaraaliaadvani,KIARA,Cinema|Actors/actresses,21700000,India,838700,952300,50:24.8
All,189,paulolondra,Paulo londra,Music,11400000,Argentina,1200000,1800000,50:24.8
All,190,evaluna,Evaluna Montaner de Echeverry,Family|Music,19100000,Argentina,780300,1100000,50:24.8
All,191,leedongwook_official,이동욱 (Official_Instagram),Cinema|Actors/actresses,13600000,Indonesia,1100000,1500000,50:24.8
All,192,sommerray,Sommer Ray,Modeling,26800000,United States,487600,763900,50:24.8
All,193,juandediospantoja,JD PANTOJA 🇲🇽,Music|Art|Artists|Cinema|Actors/actresses,21200000,Mexico,848200,968200,50:24.8
All,194,tyga,T-Raww,Music,30900000,United States,442600,660200,50:24.8
All,195,erling.haaland,Erling Braut Haaland,,14500000,Brazil,936900,1400000,50:24.8
All,196,jbalvin,J Balvin,Music,51400000,Mexico,298300,389800,50:24.8
All,197,jacquelinef143,Jacqueline Fernandez,Cinema|Actors/actresses,57900000,India,281000,341400,50:24.8
All,198,annehathaway,Anne Hathaway,Cinema|Actors/actresses,22000000,United States,674600,889500,50:24.8
All,199,hardikpandya93,Hardik Himanshu Pandya,Sports with a ball,20200000,India,771700,967600,50:24.8
All,200,wi__wi__wi,위하준 Wi Ha Jun,,10000000,South Korea,1600000,2000000,50:24.8
All,201,kevinhart4real,Kevin Hart,Cinema|Actors/actresses,136600000,United States,108500,142700,50:24.8
All,202,henrycavill,Henry Cavill,Cinema|Actors/actresses,19200000,Brazil,834200,1000000,50:24.8
All,203,lanarhoades,Lana Rhoades,Lifestyle|Modeling,16800000,United States,700900,1200000,50:24.8
All,204,gianlucavacchi,Gianluca Vacchi,Lifestyle,21800000,Brazil,576700,887500,50:24.8
All,205,joeyking,Joey King,Music|Cinema|Actors/actresses|Modeling,18900000,Brazil,706900,1000000,50:24.8
All,206,zkdlin,KAI,Music,13700000,Indonesia,1100000,1400000,50:24.8
All,207,bellapoarch,Bella Poarch,,14300000,United States,978200,1300000,50:24.8
All,208,holyhaein,정해인,,9000000,Indonesia,1700000,2100000,50:24.8
All,209,m10_official,Mesut Özil,Sports with a ball,24000000,Turkey,559800,786200,50:24.8
All,210,jacobelordi,Jacob Elordi,Cinema|Actors/actresses,12100000,Brazil,937900,1500000,50:24.8
All,211,samoylovaoxana,Samoylova Oxana,Family|Lifestyle,15700000,Russia,877300,1200000,50:24.8
All,212,carlinhosmaiaof,Carlinhos Maia🌻,Lifestyle,24500000,Brazil,418300,764700,50:24.8
All,213,9gag,9GAG: Go Fun The World,Humor|Fun|Happiness,58000000,Indonesia,245300,312700,50:24.8
All,214,gusein.gasanov,ГУСЕЙН ГАСАНОВ,Shows,20900000,Russia,580500,867700,50:24.8
All,215,do0_nct,Doyoung,,9400000,Indonesia,1500000,1900000,50:24.8
All,216,sunnyleone,Sunny Leone,Beauty|Cinema|Actors/actresses,50500000,India,254600,344700,50:24.8
All,217,jimin_bighitentertainment,JIMIN (박지민) Updates,Lifestyle,9500000,Indonesia,1700000,1900000,50:24.8
All,218,aron.piper,ARON🌜🌞,Music|Lifestyle,14100000,Brazil,648100,1200000,50:24.8
All,219,finnwolfhardofficial,Finn Wolfhard,Music|Cinema|Actors/actresses,21100000,Brazil,628900,818500,50:24.8
All,220,iambeckyg,Becky G,Music,29300000,Mexico,484900,584600,50:24.8
All,221,bhuvan.bam22,Bhuvan Bam,Cinema|Actors/actresses,14100000,India,981700,1200000,50:24.8
All,222,anushkasen0408,Anushka Sen,Cinema|Actors/actresses,32200000,India,454100,531100,50:24.8
All,223,_imyour_joy,Joy,Lifestyle,13200000,Indonesia,1100000,1300000,50:24.8
All,224,taina,Tainá Costa 💦,Music,15300000,Brazil,528100,1100000,50:24.8
All,225,tinistoessel,tini,Music,17100000,Argentina,731400,978100,50:24.8
All,226,natashawilona12,Natasha Wilona,Beauty,37000000,Indonesia,376700,449500,50:24.8
All,227,emrata,Emily Ratajkowski,Modeling,28900000,United States,359100,574100,50:24.8
All,228,somsomi0309,ENNIK,Music,13200000,Indonesia,1000000,1300000,50:24.8
All,229,rohittt_09_,𝐑𝐨𝐡𝐢𝐭 𝐙𝐢𝐧𝐣𝐮𝐫𝐤𝐞 ~ 𝐫𝐞𝐚𝐜𝐭𝐢𝐨𝐧𝐛𝐨𝐢 💫,Shows|Lifestyle,19600000,India,603300,852300,50:24.8
All,230,tatawerneck,Tata Werneck,Cinema|Actors/actresses|Family,51500000,Brazil,206400,322600,50:24.8
All,231,heybiblee,이성경,Modeling,13300000,Indonesia,910200,1200000,50:24.8
All,232,ashishchanchlani,Ashish Chanchlani,Cinema|Actors/actresses,12500000,India,1100000,1300000,50:24.8
All,233,ssinz7,박신혜,Music|Cinema|Actors/actresses,13300000,Indonesia,991200,1200000,50:24.8
All,234,3gerardpique,Gerard Piqué,Sports with a ball,19600000,Spain,561200,827600,50:24.8
All,235,bbrightvc,bright,Cinema|Actors/actresses,10700000,Indonesia,1300000,1500000,50:24.8
All,236,lestykejora,Lestikejora,Music,24500000,Indonesia,509800,658200,50:24.8
All,237,hegdepooja,Pooja Hegde,Cinema|Actors/actresses,17400000,India,795800,917400,50:24.8
All,238,onyourm__ark,Mark,,7800000,Indonesia,1700000,2100000,50:24.8
All,239,simoneses,Simone Mendes,Music,33400000,Brazil,377400,475600,50:24.8
All,240,itzy.all.in.us,ITZY,Music,14800000,Indonesia,873500,1100000,50:24.8
All,241,vickykaushal09,Vicky Kaushal,Cinema|Actors/actresses,12800000,India,1000000,1200000,50:24.8
All,242,vinijr,Vinicius Jr. ⚡️🇧🇷,Sports with a ball,14300000,Brazil,654400,1100000,50:24.8
All,243,lilbaby,WHAM,Music,18000000,United States,471600,868500,50:24.8
All,244,bellathorne,BELLA,Music|Art|Artists,25100000,United States,369100,618200,50:24.8
All,245,jojotodynho,JoJo,Music,21200000,Brazil,455800,738400,50:24.8
All,246,luissuarez9,Luis Suarez,Sports with a ball,42900000,Brazil,241100,363000,50:24.8
All,247,hyunah_aa,Hyun Ah,Music,17200000,South Korea,754100,894100,50:24.8
All,248,brunomars,Bruno Mars,Music,24600000,Brazil,411100,623400,50:24.8
All,249,kanyewest,ye,,11000000,United States,752500,1400000,50:24.8
All,250,yuyacst,𝓨𝒖𝒚𝒂,Modeling,17100000,Mexico,577400,886400,50:24.8
All,251,tigerjackieshroff,Tiger Shroff,Cinema|Actors/actresses,33400000,India,374200,456300,50:24.8
All,252,soohyun_k216,김수현 Kim Soo Hyun 金秀賢,,13100000,Indonesia,949500,1200000,50:24.8
All,253,avneetkaur_13,Avneet Kaur Official,Cinema|Actors/actresses,28800000,India,430100,525000,50:24.8
All,254,jin_bighitentertainment,JIN (김석진),Lifestyle,8800000,Indonesia,1500000,1700000,50:24.8
All,255,gessicakayane,GKAY,Shows|Humor|Fun|Happiness,18700000,Brazil,385200,795200,50:24.8
All,256,sydney_sweeney,Sydney Sweeney,Lifestyle|Cinema|Actors/actresses,7300000,United States,1100000,2100000,50:24.8
All,257,_rl9,Robert Lewandowski,Sports with a ball,24200000,Poland,478300,607000,50:24.8
All,258,zachking,Zach King,Shows|Humor|Fun|Happiness,24500000,Indonesia,387100,596600,50:24.8
All,259,emilia_clarke,,Cinema|Actors/actresses,27100000,India,427200,538700,50:24.8
All,260,bretmanrock,Bretman (Da Baddest) Rock,Art|Artists|Beauty,18100000,United States,473700,798200,50:24.8
All,261,shehnaazgill,Shehnaaz Gill,Cinema|Actors/actresses|Music,11100000,India,1100000,1400000,50:24.8
All,262,krisjenner,Kris Jenner,Shows|Beauty|Family,45800000,United States,208200,315400,50:24.8
All,263,sidmalhotra,Sidharth Malhotra,Cinema|Actors/actresses|Modeling,18200000,India,636000,792000,50:24.8
All,264,jamescharles,James Charles,Beauty,23600000,United States,415800,610200,50:24.8
All,265,nicki.nicole,,Music,11200000,Argentina,871000,1300000,50:24.8
All,266,paulwesley,Paul Wesley,Cinema|Actors/actresses,12100000,Brazil,787300,1200000,50:24.8
All,267,janhvikapoor,Janhvi Kapoor,Lifestyle|Cinema|Actors/actresses,15400000,India,777600,927700,50:24.8
All,268,lilyjcollins,Lily Collins,Cinema|Actors/actresses,26500000,United States,356400,530800,50:24.8
All,269,liampayne,Liam Payne,Music,24000000,United States,423200,590500,50:24.8
All,270,taeyeon_ss,TaeYeon,Music,17800000,South Korea,648700,789600,50:24.8
All,271,rauwalejandro,RA’ RAUW,Music,12700000,Spain,756500,1100000,50:24.8
All,272,danialves,Dani Alves,Sports with a ball,35000000,Brazil,253300,394400,50:24.8
All,273,bighit_ent,BigHit Music Updates,Music,13200000,Indonesia,847300,1000000,50:24.8
All,274,perrieedwards,Perrie Edwards 🖤,Modeling,14200000,Brazil,619000,965800,50:24.8
All,275,sophiet,S O P H I E T U R N E R,Cinema|Actors/actresses,14900000,United States,682900,918000,50:24.8
All,276,vancityreynolds,Ryan Reynolds,Cinema|Actors/actresses,41200000,United States,255700,331000,50:24.8
All,277,larasilva,Lara Silva 💦,Shows|Adult content,16400000,Brazil,540500,833900,50:24.8
All,278,marshmellomusic,marshmello,Music,29300000,India,391300,461800,50:24.8
All,279,postmalone,twelve carat toothache,Music,22400000,United States,395400,605600,50:24.8
All,280,fernanfloo,Fernanfloo,Shows,9900000,Mexico,1300000,1400000,50:24.8
All,281,willsmith,Will Smith,Cinema|Actors/actresses|Music,58000000,United States,191400,232900,50:24.8
All,282,fuji_an,Fujianti Utami Putri,,8300000,Indonesia,688600,1600000,50:24.8
All,283,urvashirautela,URVASHI RAUTELA 🇮🇳,Cinema|Actors/actresses,45500000,India,251500,296400,50:24.8
All,284,taeoxo_nct,TAEYONG 태용,,8000000,Indonesia,1300000,1700000,50:24.8
All,285,kyo1122,Hyekyo Song,Cinema|Actors/actresses,12700000,Indonesia,817800,1000000,50:24.8
All,286,psg,Paris Saint-Germain,Sports with a ball,56000000,Brazil,141100,236100,50:24.8
All,287,kajalaggarwalofficial,Kajal A Kitchlu,Cinema|Actors/actresses,20800000,India,526200,635800,50:24.8
All,288,sachintendulkar,Sachin Tendulkar,Sports with a ball|Lifestyle,32900000,India,332800,398100,50:24.8
All,289,greeicy,Greeicy,Shows|Cinema|Actors/actresses,19700000,Colombia,495200,664600,50:24.8
All,290,xeesoxee,한소희,Lifestyle,8100000,Indonesia,1200000,1600000,50:24.8
All,291,lukamodric10,Luka Modric,Sports with a ball,21000000,Spain,416900,611800,50:24.8
All,292,thebursin,Kerem Bürsin,Cinema|Actors/actresses,10100000,Russia,988600,1300000,50:24.8
All,293,chiaraferragni,Chiara Ferragni ✨,Beauty,26300000,Italy,291600,484400,50:24.8
All,294,marvelstudios,Marvel Studios,Cinema|Actors/actresses|Comics  sketches,35500000,India,314000,350900,50:24.8
All,295,barackobama,Barack Obama,Finance|Economics|Business|Careers|Family,35300000,United States,301800,353500,50:24.8
All,296,luisasonza,LUÍSA SONZA,Music|Lifestyle,27200000,Brazil,289400,457000,50:24.8
All,297,nct127,NCT 127 Official Instagram,Music,13500000,Indonesia,743700,917700,50:24.8
All,298,jhope_bighitentertainment,J-HOPE (제이홉) Updates,Lifestyle,8500000,Brazil,1300000,1500000,50:24.8
All,299,iamferv,Fer 🕷555 🫀,Lifestyle|Art|Artists,8200000,Mexico,1000000,1500000,50:24.8
All,300,prattprattpratt,chris pratt,Cinema|Actors/actresses,34800000,United States,269300,351000,50:24.8
All,301,nattinatasha,NATTI NATASHA,Music|Cinema|Actors/actresses,34900000,Mexico,291800,349500,50:24.8
All,302,marimaria,Mari Maria,Beauty,19700000,Brazil,321000,616300,50:24.8
All,303,antogriezmann,Antoine Griezmann,Sports with a ball,35300000,Spain,210700,340300,50:24.8
All,304,hi_sseulgi,슬기 Seulgi,Modeling,11500000,Indonesia,835500,1000000,50:24.8
All,305,kapilsharma,Kapil Sharma,Cinema|Actors/actresses|Shows,38500000,India,274000,312300,50:24.8
All,306,realbarbarapalvin,Barbara Palvin,Modeling|Fashion,17300000,Russia,513100,692800,50:24.8
All,307,zefelipecantor,Zé,Music,22000000,Brazil,310800,547300,50:24.8
All,308,neslihanatagul,Neslihan Atagül Doğulu,Cinema|Actors/actresses|Modeling,12800000,Turkey,747600,940100,50:24.8
All,309,johnnyjsuh,Johnny Suh,Lifestyle|Music,7800000,Indonesia,1200000,1600000,50:24.8
All,310,zidane,zidane,Sports with a ball,30700000,Spain,284400,387600,50:24.8
All,311,fedez,FEDEZ,Music,13300000,Italy,641400,888000,50:24.8
All,312,nct,NCT Official Instagram,Music,13100000,Indonesia,693500,909000,50:24.8
All,313,tenlee_1001,TEN_+•10,Music,9200000,Indonesia,1000000,1300000,50:24.8
All,314,leonardodicaprio,Leonardo DiCaprio,Cinema|Actors/actresses,52300000,United States,181300,224300,50:24.8
All,315,enhypen,ENHYPEN,,8700000,Indonesia,968900,1400000,50:24.8
All,316,pubity,Pubity,Humor|Fun|Happiness,30600000,United States,258500,378100,50:24.8
All,317,m_kayoung,MUN KA YOUNG,Cinema|Actors/actresses,7700000,Indonesia,1100000,1500000,50:24.8
All,318,mirella,BAD MI ⚡️ MC MIRELLA,Music,26100000,Brazil,209500,443300,50:24.8
All,319,louispartridge_,Louis💐,Cinema|Actors/actresses,7700000,United States,1000000,1500000,50:24.8
All,320,bambam1a,BamBam,Music,15700000,Brazil,581400,730600,50:24.8
All,321,future,Future PLUTO Hendrix,Music,18700000,United States,306400,609800,50:24.8
All,322,ncentineo,Noah,Cinema|Actors/actresses,17100000,Brazil,395200,656700,50:24.8
All,323,suga_bighitentertainment,SUGA (민윤기) Updates,Lifestyle,8100000,Indonesia,1200000,1400000,50:24.8
All,324,lizgillz,Elizabeth Gillies,Music|Cinema|Actors/actresses,13800000,Mexico,558200,808700,50:24.8
All,325,davido,Davido,Music,22800000,Nigeria,358700,501300,50:24.8
All,326,florencepugh,Florence Pugh,Humor|Fun|Happiness|Cinema|Actors/actresses,7000000,United States,1100000,1600000,50:24.8
All,327,viihtube,Viih Tube,Cinema|Actors/actresses,22400000,Brazil,257600,487400,50:24.8
All,328,marinaruybarbosa,Marina Ruy Barbosa,Cinema|Actors/actresses,39500000,Brazil,182500,275800,50:24.8
All,329,khabib_nurmagomedov,Хабиб Нурмагомедов,Fitness|Gym,32700000,Russia,236300,331600,50:24.8
All,330,iammichelemorroneofficial,Michele Morrone,Lifestyle|Cinema|Actors/actresses|Music,12900000,Brazil,582700,835700,50:24.8
All,331,wow_kimsohyun,김소현,Music|Cinema|Actors/actresses|Modeling,11900000,Indonesia,777000,892500,50:24.8
All,332,caradelevingne,Cara Delevingne,Modeling|Cinema|Actors/actresses,43500000,United States,174000,244000,50:24.8
All,333,melissamelmaia,MEL MAIA,Music,11300000,Brazil,515900,934800,50:24.8
All,334,_agentgirl_,НАСТЯ ИВЛЕЕВА,Shows,19200000,Russia,449400,543400,50:24.8
All,335,marvel,Marvel Entertainment,Cinema|Actors/actresses|Comics  sketches|Shows,61300000,United States,139700,167800,50:24.8
All,336,lacasadepapel,La Casa de Papel,Shows|Cinema|Actors/actresses,13700000,Brazil,499500,749800,50:24.8
All,337,aespa_official,aespa 에스파,,7800000,Indonesia,936400,1300000,50:24.8
All,338,asaprocky,GRIM,Music,14400000,United States,426700,714100,50:24.8
All,339,marktuan,Mark Tuan,Music|Cinema|Actors/actresses|Modeling,11900000,Thailand,657200,863300,50:24.8
All,340,juanpazurita,Juanpa Zurita,Cinema|Actors/actresses,28100000,Mexico,254600,363100,50:24.8
All,341,riyaz.14,Riyaz Aly,Lifestyle|Art|Artists,24900000,India,316800,412800,50:24.8
All,342,camilo,C A M I L O,Music,25800000,Argentina,246100,391100,50:24.8
All,343,jessicah_o,Jessi / 제시,Music,9500000,United States,835100,1100000,50:24.8
All,344,offsetyrn,OFFSET,Music,19600000,United States,286300,512300,50:24.8
All,345,avani,avani,Beauty|Lifestyle,18600000,United States,396600,533300,50:24.8
All,346,serna_amini,Serna Amini,,6700000,Iran,1200000,1600000,50:24.8
All,347,joaogomescantor,João Gomes 🎙,,10100000,Brazil,361600,989200,50:24.8
All,348,maddieziegler,maddie,Cinema|Actors/actresses|Modeling,13800000,United States,473700,710100,50:24.8
All,349,dntlrdl,CHOIWOOSHIK,Lifestyle,5600000,Indonesia,1400000,1800000,50:24.8
All,350,nct_dream,NCT DREAM OFFICIAL,,8800000,Indonesia,999400,1100000,50:24.8
All,351,gusttavolima,🏛 Gusttavo Lima 🏛,Music,42500000,Brazil,136900,227800,50:24.8
All,352,lildurk,DURKIOOO,Music|Art|Artists,12500000,United States,275500,778800,50:24.8
All,353,golfarahani,Golshifteh Farahani,Cinema|Actors/actresses,12300000,Iran,607400,782500,50:24.8
All,354,rahulkl,KL Rahul👑,Sports with a ball,11600000,India,707500,825000,50:24.8
All,355,ler_chek,Валерия Чекалина,Lifestyle|Beauty,10700000,Russia,699200,913800,50:24.8
All,356,awez_darbar,Awez Darbar,Shows|Humor|Fun|Happiness,15400000,India,515500,619400,50:24.8
All,357,houseofhighlights,House of Highlights,Sports with a ball,31400000,United States,165200,303200,50:24.8
All,358,amitabhbachchan,Amitabh Bachchan,Cinema|Actors/actresses,29800000,India,276500,318700,50:24.8
All,359,jakepaul,Jake Paul,Cinema|Actors/actresses,18800000,United States,301200,503400,50:24.8
All,360,wwiinn_7,WINWIN,,6700000,Indonesia,1200000,1400000,50:24.8
All,361,jailyneojeda,Jailyne Ojeda Ochoa,Modeling|Lifestyle,14000000,United States,481300,667100,50:24.8
All,362,demirose,Demi Rose,Modeling|Lifestyle|Fashion,19000000,United States,371000,482300,50:24.8
All,363,_mariahwasa,HWASA,,7700000,Brazil,933100,1200000,50:24.8
All,364,sanchooo10,Jadon Sancho,Sports with a ball,8100000,United Kingdom,654600,1100000,50:24.8
All,365,alexandradaddario,alexandra daddario,Cinema|Actors/actresses,21500000,India,345000,421100,50:24.8
All,366,lamborghini,Lamborghini,Luxury|Cars|Motorbikes,31500000,India,208000,286900,50:24.8
All,367,parineetichopra,Parineeti Chopra,Cinema|Actors/actresses,34700000,India,225900,259600,50:24.8
All,368,yellow_3to3,REN JUN,,4800000,Indonesia,1600000,1900000,50:24.8
All,369,lucasranngel,LUCAS RANGEL,Lifestyle,18900000,Brazil,214600,474900,50:24.8
All,370,lexibrookerivera,Lexi Rivera,Shows|Humor|Fun|Happiness,8400000,United States,877400,1100000,50:24.8
All,371,bernardokath,Kathryn Bernardo 🐘,Beauty|Cinema|Actors/actresses|Fashion,16500000,Philippines,442100,532400,50:24.8
All,372,machinegunkelly,the Blonde Don,Music,9500000,United States,590100,948800,50:24.8
All,373,theellenshow,Ellen DeGeneres,Shows|Cinema|Actors/actresses,114400000,United States,66800,77800,50:24.8
All,374,iynemliarasbulut,Aras Bulut İynemli,Cinema|Actors/actresses|Lifestyle,10100000,Turkey,629200,877700,50:24.8
All,375,hichasestokes,,Lifestyle,7300000,United States,810700,1200000,50:24.8
All,376,ibaillanos,Ibai,,6600000,Spain,946500,1300000,50:24.8
All,377,teddysphotos,Ed Sheeran,Music,37000000,United States,174400,237800,50:24.8
All,378,gisele,Gisele Bündchen,Modeling|Fashion|Lifestyle,18600000,Brazil,316000,468900,50:24.8
All,379,liverpoolfc,Liverpool Football Club,Sports with a ball,35500000,United Kingdom,175600,245400,50:24.8
All,380,charlieputh,Charlie,Music,15600000,United States,392000,557400,50:24.8
All,381,jinyoung_0922jy,jinyoung,Music,9200000,Indonesia,717900,952000,50:24.8
All,382,leaelui,Lea Elui G,Modeling|Lifestyle,11800000,India,432100,725400,50:24.8
All,383,bianca,BOCA ROSA,Beauty,17300000,Brazil,208600,489200,50:24.8
All,384,yerimiese,Yeri,Lifestyle,9800000,Indonesia,700200,867300,50:24.8
All,385,goar_avetisyan,Goar Avetisyan,Beauty,11500000,Russia,527000,731500,50:24.8
All,386,ronaldinho,Ronaldo de Assis Moreira,Sports with a ball,63300000,Brazil,76600,131800,50:24.8
All,387,davikah,davikah,Modeling,15400000,Thailand,414800,537100,50:24.8
All,388,britneyspears,Britney Spears,Music,39500000,United States,151700,212400,50:24.8
All,389,nianaguerrero,Niana,Music|Kids|Toys,13900000,Indonesia,470500,590000,50:24.8
All,390,andressasuita,Andressa Suita,Modeling,15500000,Brazil,321200,530100,50:24.8
All,391,demetozdemir,Demet Özdemir,Cinema|Actors/actresses,14700000,Saudi Arabia,443400,561500,50:24.8
All,392,keniaos,Kenia Os,Music,12000000,Mexico,526800,685900,50:24.8
All,393,hunterschafer,Hunter,,5500000,United States,922800,1500000,50:24.8
All,394,mr_faisu_07,FAISAL SHAIKH,Modeling|Cinema|Actors/actresses,26100000,India,251200,320200,50:24.8
All,395,gildovigor,GIL DO VIGOR,,14800000,Brazil,403100,558900,50:24.8
All,396,debbyryan,Debby Ryan,Music|Cinema|Actors/actresses,16800000,United States,333400,484200,50:24.8
All,397,daquan,Daquan,Humor|Fun|Happiness,16700000,United States,317000,488600,50:24.8
All,398,reesewitherspoon,Reese Witherspoon,Cinema|Actors/actresses,27000000,United States,253300,302400,50:24.8
All,399,mattyperry4,Matthew Perry,,7800000,Brazil,769300,1100000,50:24.8
All,400,shaymitchell,Shay Mitchell,Beauty|Family|Lifestyle,32100000,United States,181000,252300,50:24.8
All,401,mathildtantot,Mathilde,Lifestyle|Modeling,10300000,United States,518600,784500,50:24.8
All,402,weareone.exo,EXO Official,Music,9700000,Indonesia,676700,848900,50:24.8
All,403,easportsfifa,EA SPORTS FIFA,Sports with a ball,25500000,Spain,189100,316300,50:24.8
All,404,anyataylorjoy,Anya Taylor-Joy,,8600000,United States,662100,953900,50:24.8
All,405,kehlani,Kehlani,Music|Family,13600000,United States,379500,591300,50:24.8
All,406,aurelie.hermansyah,Aurelie Hermansyah Atta,Beauty,24300000,Indonesia,262600,331300,50:24.8
All,407,winmetawin,Win Metawin O.,Lifestyle,8900000,Philippines,812500,921000,50:24.8
All,408,anupamaparameswaran96,Anupama Parameswaran,Cinema|Actors/actresses,10900000,India,637800,729400,50:24.8
All,409,yoona__lim,,Cinema|Actors/actresses,13100000,Indonesia,511300,610800,50:24.8
All,410,raphaelvarane,Raphael Varane,Sports with a ball,18000000,Spain,294000,441600,50:24.8
All,411,prillylatuconsina96,Prilly Latuconsina,Cinema|Actors/actresses|Music,45800000,Indonesia,123900,173900,50:24.8
All,412,trippieredd,555,Music,12800000,United States,318200,624500,50:24.8
All,413,imsebastianstan,Sebastian Stan,Shows|Cinema|Actors/actresses,8700000,United States,771200,916900,50:24.8
All,414,marcusrashford,Marcus Rashford MBE,Sports with a ball,12600000,United Kingdom,393900,623300,50:24.8
All,415,manurios,manu rios,Shows,9900000,Mexico,472100,796800,50:24.8
All,416,dqsalmaan,Dulquer Salmaan,Cinema|Actors/actresses,9900000,India,586700,794300,50:24.8
All,417,loren,loren gray,Fashion|Modeling,22400000,United States,208800,345000,50:24.8
All,418,markruffalo,Mark Ruffalo,Cinema|Actors/actresses,20300000,Brazil,297800,375200,50:24.8
All,419,nikkietutorials,NikkieTutorials,Beauty,15400000,United States,364700,495500,50:24.8
All,420,syifahadjureal,Syifa Hadju,Modeling,14600000,Indonesia,417100,515000,50:24.8
All,421,mont.pantoja,MONT,,11200000,Mexico,565600,673300,50:24.8
All,422,leeyoum262,이유미,Photography|Humor|Fun|Happiness,7400000,South Korea,843400,1000000,50:24.8
All,423,victoriajustice,Victoria Justice,Music|Cinema|Actors/actresses|Modeling,21600000,United States,254200,346400,50:24.8
All,424,vanessabryant,Vanessa Bryant 🦋,Sports with a ball|Lifestyle|Kids|Toys,15400000,United States,369400,483900,50:24.8
All,425,achrafhakimi,Achraf Hakimi,Sports with a ball,8000000,Morocco,639800,941800,50:24.8
All,426,elrodrigocontreras,ROD🥴,Lifestyle,12500000,Mexico,541900,597500,50:24.8
All,427,arishfakhan138,Sayyed Arishfa Khan 💎,Cinema|Actors/actresses,26900000,India,227900,277900,50:24.8
All,428,burakozcivit,Burak Özçivit,Cinema|Actors/actresses,20100000,Turkey,305000,370900,50:24.8
All,429,hassan_reyvandi,hasan reyvandi حسن ریوندی,Cinema|Actors/actresses|Humor|Fun|Happiness,18300000,Iran,293200,406100,50:24.8
All,430,imouniroy,mon,Cinema|Actors/actresses,21800000,India,278200,337700,50:24.8
All,431,bhadbhabie,ℬ𝒽𝒶𝒷𝒾ℯ🦋,Music,16500000,United States,237100,446200,50:24.8
All,432,ozuna,@ozutochi 🔜 #TemporadaDelOzo,Music,22000000,Spain,248000,334900,50:24.8
All,433,maisa,#NAME?,Music,41100000,Brazil,130300,178200,50:24.8
All,434,mariapedraza_,María Pedraza,Cinema|Actors/actresses,12000000,Spain,459100,606000,50:24.8
All,435,juventus,Juventus,Sports with a ball,52300000,India,97100,138700,50:24.8
All,436,salmahayek,Salma Hayek Pinault,Cinema|Actors/actresses,20500000,United States,286600,353100,50:24.8
All,437,ms_puiyi,Siew Pui Yi 🤍,Adult content,16300000,United States,343300,439700,50:24.8
All,438,ranveersingh,Ranveer Singh,Cinema|Actors/actresses|Modeling|Clothing|Outfits,38400000,India,144700,186700,50:24.8
All,439,djxiao_888,XIAOJUN,,6400000,Indonesia,909400,1100000,50:24.8
All,440,todayis_wendy,Wendy,,5900000,Indonesia,1000000,1200000,50:24.8
All,441,e_milygarcia,Emily Garcia,Cinema|Actors/actresses,11000000,Brazil,394200,651800,50:24.8
All,442,sonu_sood,Sonu Sood,Cinema|Actors/actresses,14100000,India,438800,501800,50:24.8
All,443,ileana_official,Ileana D'Cruz,Cinema|Actors/actresses,13900000,India,416200,505700,50:24.8
All,444,i_m_hendery,Hi👉🏻im Hendery👈🏻,,5800000,United States,956800,1200000,50:24.8
All,445,fortnite,Fortnite,Computers|Gadgets,26100000,United States,226800,267800,50:24.8
All,446,gioewbank,Giovanna Ewbank,Cinema|Actors/actresses|Modeling,27800000,Brazil,156800,251600,50:24.8
All,447,vinniehacker,†,Lifestyle,5400000,United States,626200,1300000,50:24.8
All,448,saweetie,icy bae,Cinema|Actors/actresses,13000000,United States,230300,535400,50:24.8
All,449,emmaroberts,Emma Roberts,Cinema|Actors/actresses,17500000,United States,268000,395400,50:24.8
All,450,faz3,Fazza,Lifestyle,13700000,United Arab Emirates,396200,523300,50:24.8
All,451,nickyjam,NICKY JAM,Music,42300000,Colombia,138600,164200,50:24.8
All,452,loud_victor,Victor Augusto,Lifestyle|Sports with a ball,10400000,Brazil,523400,667900,50:24.8
All,453,hannahstocking,Hannah Stocking,Modeling,20700000,United States,233700,332900,50:24.8
All,454,chloegmoretz,Chloë Grace Moretz,Cinema|Actors/actresses,19800000,United States,260900,347900,50:24.8
All,455,jokowi,Joko Widodo,Finance|Economics,44900000,Indonesia,122400,153600,50:24.8
All,456,jadepicon,JADE 🌪,Modeling|Fashion,18400000,Brazil,171900,374800,50:24.8
All,457,keerthysureshofficial,Keerthy Suresh,Fashion|Cinema|Actors/actresses,11600000,India,516700,591200,50:24.8
All,458,yasmine_sabri,Yasmine Sabri,Cinema|Actors/actresses|Lifestyle,18000000,Egypt,272500,382000,50:24.8
All,459,soueunavida,Sou Eu Na Vida,Humor|Fun|Happiness,17000000,Brazil,212200,402800,50:24.8
All,460,malutrevejo,Malú 🦋 222🎤,Music,11000000,United States,344400,618200,50:24.8
All,461,ludmilla,Ludmilla,Music,25600000,Brazil,181700,272000,50:24.8
All,462,7_luhan_m,鹿 Han,Music,12700000,Indonesia,442400,537000,50:24.8
All,463,floydmayweather,Floyd Mayweather,Fitness|Gym,27800000,United States,138900,243200,50:24.8
All,464,rachel_mypark,박민영 Minyoung Park,Cinema|Actors/actresses,9300000,Indonesia,588600,733300,50:24.8
All,465,nancyajram,Nancy Ajram,Music,32000000,Iraq,166200,212200,50:24.8
All,466,21savage,,Music,13200000,United States,291700,511800,50:24.8
All,467,gururandhawa,Guru Randhawa,Music,30700000,India,178500,219900,50:24.8
All,468,dindahw,Dinda Hauw,Cinema|Actors/actresses,13600000,Indonesia,329400,493300,50:24.8
All,469,alfinetei,Alfinetadas Dos Famosos 📌,Humor|Fun|Happiness,20500000,Brazil,146800,329700,50:24.8
All,470,netflixbrasil,Netflix Brasil,Shows|Cinema|Actors/actresses,28900000,Brazil,135900,231800,50:24.8
All,471,mariabecerra,Maria Becerra,Music,7900000,Argentina,360700,851300,50:24.8
All,472,alidaei,Ali Daei,Sports with a ball,7800000,Iran,523700,880200,50:24.8
All,473,realhinakhan,HK,Cinema|Actors/actresses,16200000,India,331100,406900,50:24.8
All,474,memezar,Memezar • Comedy and Culture,Cinema|Actors/actresses,23300000,United States,190100,282200,50:24.8
All,475,ananyapanday,Ananya 💛💫,Cinema|Actors/actresses,21200000,India,265600,310600,50:24.8
All,476,aboflah,AboFlah,Humor|Fun|Happiness,7200000,,0,946800,50:24.8
All,477,thenameisyash,Yash,Cinema|Actors/actresses,5700000,India,989600,1200000,50:24.8
All,478,angelinajolie,Angelina Jolie,,12200000,Brazil,325900,538200,50:24.8
All,479,mejiwoo103,지우,,10800000,Indonesia,501900,604900,50:24.8
All,480,sandrinna_11,Drinna,Lifestyle,10000000,Indonesia,520100,663500,50:24.8
All,481,simaria,Simaria Mendes,Music,27100000,Brazil,166700,242100,50:24.8
All,482,julesleblanc,julianna,Music|Shows,9600000,United States,473400,685000,50:24.8
All,483,donya,Donya,Fashion,14500000,Iran,297400,465900,50:24.8
All,484,dababy,BILLION DOLLAR BABY 👶🏾,Music,20300000,United States,196500,320800,50:24.8
All,485,chrissyteigen,chrissy teigen,Shows|Modeling,36900000,United States,133300,174700,50:24.8
All,486,madisonbaileybabe,Maddie Baby,Lifestyle,6600000,United States,529300,991200,50:24.8
All,487,fuckjerry,FUCKJERRY,Humor|Fun|Happiness,16400000,United States,306900,397900,50:24.8
All,488,ykaaar,Damiano David/Måneskin,,5100000,Italy,891500,1300000,50:24.8
All,489,rakulpreet,Rakul Singh,Cinema|Actors/actresses|Modeling,18400000,India,295400,347200,50:24.8
All,490,arigameplays,ARIGAMEPLAYS,,9100000,Mexico,590000,709000,50:24.8
All,491,samsmith,Sam Smith,Music|Fashion,14700000,United States,296000,434000,50:24.8
All,492,sthefanematos,STHE ⚓️,Lifestyle,9500000,Brazil,297200,680600,50:24.8
All,493,timatiofficial,13,Music|Fitness|Gym|Lifestyle,18000000,Russia,266700,353000,50:24.8
All,494,chelseafc,Chelsea FC,Sports with a ball,31800000,Indonesia,132200,197300,50:24.8
All,495,nba,NBA,Sports with a ball,63800000,United States,59100,98100,50:24.8
All,496,nadin_serovski,Nadin Serovski,Family|Lifestyle,9900000,Russia,470000,644300,50:24.8
All,497,conangray,Conan Gray,Music,5500000,Brazil,769900,1200000,50:24.8
All,498,o.dembele7,Believe,Sports with a ball,9900000,Spain,375600,643800,50:24.8
All,499,min9yu_k,김민규,Music,5800000,Indonesia,888600,1100000,50:24.8
All,500,darshanravaldz,Darshan Raval #JannatVe,Music,14500000,India,358500,433300,50:24.8
All,501,c.syresmith,Jaden Smith,Cinema|Actors/actresses|Lifestyle,18100000,United States,222600,344100,50:24.8
All,502,mariaalice,Maria Alice,,6500000,Brazil,466500,974100,50:24.8
All,503,frenkiedejong,Frenkie de Jong,Sports with a ball,9600000,Spain,436900,655100,50:24.8
All,504,lizzobeeating,Lizzo,Music|Lifestyle,12000000,United States,371800,519800,50:24.8
All,505,paollaoliveirareal,Paolla Oliveira,Cinema|Actors/actresses|Lifestyle|Fashion,33200000,Brazil,141100,187700,50:24.8
All,506,vousmevoyez,KRYSTAL,Music|Cinema|Actors/actresses,10000000,Indonesia,474100,615600,50:24.8
All,507,ldh_sky,이도현,,5400000,Indonesia,908000,1200000,50:24.8
All,508,jimmyfallon,Jimmy Fallon,Shows|Humor|Fun|Happiness,20800000,United States,236700,297000,50:24.8
All,509,dukissj,Ya Supiste,Music,8600000,Argentina,405200,722600,50:24.8
All,510,darianrojasc,DARIAN R. C R A W S T O N ✗,Lifestyle,7900000,Mexico,718100,794000,50:24.8
All,511,iqbaal.e,iqbaal ramadhan,Cinema|Actors/actresses,13300000,Indonesia,266000,457600,50:24.8
All,512,kun11xd,KUN,Lifestyle,6300000,Indonesia,788700,987300,50:24.8
All,513,alexisren,Alexis Ren,Lifestyle,15500000,United States,251900,391200,50:24.8
All,514,polo.capalot,Polo.G🐐,Music|Lifestyle,9900000,United States,378400,622400,50:24.8
All,515,ratantata,Ratan Tata,Business|Careers,5600000,India,916500,1100000,50:24.8
All,516,michelleobama,Michelle Obama,Finance|Economics|Business|Careers|Family,48600000,United States,113600,125100,50:24.8
All,517,hshq,Harry Styles HQ,Music|Cinema|Actors/actresses|Fashion,5400000,United States,641000,1100000,50:24.8
All,518,michaelbjordan,Michael B. Jordan,Cinema|Actors/actresses,18300000,United States,197800,327900,50:24.8
All,519,felicyangelista_,Felicya Angelista,Family,20600000,Indonesia,211400,289800,50:24.8
All,520,peytonlist,Peyton List,Cinema|Actors/actresses,19400000,United States,205000,308600,50:24.8
All,521,kenzie,kenzie ♡,Art|Artists,14900000,United States,263400,400900,50:24.8
All,522,jimena.jimenezr,Jimena,,5900000,Mexico,706000,1000000,50:24.8
All,523,yangyang_x2,YangYang 양양,,5900000,Indonesia,808000,1000000,50:24.8
All,524,madhuridixitnene,Madhuri Dixit,Music|Cinema|Actors/actresses,29500000,India,174100,202400,50:24.8
All,525,lanacondor,,Cinema|Actors/actresses,11000000,Brazil,396800,540700,50:24.8
All,526,ross_lynch,Ross Lynch,Music|Cinema|Actors/actresses,9900000,United States,304500,607700,50:24.8
All,527,ciara,Ciara,Music|Modeling|Art|Artists,30700000,United States,143500,192800,50:24.8
All,528,kingbach,King Bach,Music|Art|Artists|Cinema|Actors/actresses,21900000,United States,134800,271200,50:24.8
All,529,corinnakopf,pouty girl,Beauty,6300000,United States,623400,954000,50:24.8
All,530,rogerfederer,Roger Federer,Sports with a ball,9100000,Spain,510400,661500,50:24.8
All,531,jensenackles,Jensen Ackles,Cinema|Actors/actresses,9000000,United States,511400,665000,50:24.8
All,532,euphoria,euphoria,,5000000,United States,733800,1200000,50:24.8
All,533,pefabiodemelo,Padre Fábio de Melo,Lifestyle,25300000,Brazil,155600,233900,50:24.8
All,534,liamhemsworth,Liam Hemsworth,Cinema|Actors/actresses,13200000,United States,311500,442800,50:24.8
All,535,sav.labrant,Savannah Rose LaBrant,Family|Lifestyle|Shows,6900000,United States,638600,854000,50:24.8
All,536,rafaelnadal,Rafa Nadal,Sports with a ball,13500000,Spain,344000,431000,50:24.8
All,537,maneskinofficial,Måneskin,Lifestyle,6000000,Italy,698700,985900,50:24.8
All,538,rizkybillar,Muhammad Rizky Billar,Shows|Beauty|Lifestyle,12400000,Indonesia,358200,462000,50:24.8
All,539,raisa6690,,Music,29800000,Indonesia,122300,191400,50:24.8
All,540,cocielo,Júlio Cocielo Estaniecki,Cinema|Actors/actresses,17500000,Brazil,207800,325100,50:24.8
All,541,anguscloud,Angus Cloud,,4300000,United States,808400,1300000,50:24.8
All,542,coldplay,Coldplay,Music,14800000,Brazil,275100,383500,50:24.8
All,543,premierleague,Premier League,Sports with a ball,53700000,United Kingdom,73800,105300,50:24.8
All,544,shreyaghoshal,shreyaghoshal,Music,23400000,India,216900,241100,50:24.8
All,545,angelrai07,Angel Rai :),Humor|Fun|Happiness,11000000,India,423200,510100,50:24.8
All,546,celestebarber,Celeste Barber,Humor|Fun|Happiness,8800000,United States,602900,650700,50:24.8
All,547,vanessamorgan,Vanessa Morgan,Music|Cinema|Actors/actresses,9400000,United States,419500,596500,50:24.8
All,548,channingtatum,Channing Tatum,Cinema|Actors/actresses,16900000,United States,227600,328900,50:24.8
All,549,burcuozberk,Burcu Özberk,Cinema|Actors/actresses,8800000,Turkey,495800,641700,50:24.8
All,550,joerogan,Joe Rogan,Humor|Fun|Happiness,14500000,United States,275800,385400,50:24.8
All,551,kevindebruyne,Kevin De Bruyne,Sports with a ball,16200000,United Kingdom,216600,335400,50:24.8
All,552,d_a___m_i,KIM DA MI,,4100000,Indonesia,1100000,1300000,50:24.8
All,553,_shotaroo_,SHOTARO ショウタロウ,,4600000,Indonesia,912000,1200000,50:24.8
All,554,f1,FORMULA 1®,Racing|Sports,17100000,Italy,248000,314400,50:24.8
All,555,candiceking,Candice King,Family|Lifestyle,9700000,Brazil,403600,561900,50:24.8
All,556,asabopp,Asa Butterfield,Cinema|Actors/actresses,5800000,Brazil,639400,935200,50:24.8
All,557,mo.on_air,TAEIL,,4000000,Indonesia,1100000,1400000,50:24.8
All,558,litkillah,MAWZ💬,Music,6700000,Argentina,614200,810400,50:24.8
All,559,ansufati,Ansu Fati,Sports with a ball,7800000,Spain,455300,690600,50:24.8
All,560,evcenf,Fahriye Evcen Özçivit,Lifestyle|Beauty,12600000,Turkey,337000,424500,50:24.8
All,561,paulwalker,Paul Walker,Cinema|Actors/actresses,14400000,India,266000,364000,50:24.8
All,562,quavohuncho,QuavoHuncho,Music,20700000,United States,154200,254400,50:24.8
All,563,jaimelorentelo,El chaval,Cinema|Actors/actresses,14600000,Brazil,268700,359400,50:24.8
All,564,iscoalarcon,Isco Alarcon Suarez,Sports with a ball,22900000,Spain,159200,229800,50:24.8
All,565,cvillaloboss,CARMEN VILLALOBOS,Shows|Cinema|Actors/actresses,18400000,Colombia,231200,284500,50:24.8
All,566,austinmcbroom,Austin McBroom,Lifestyle,6500000,India,580400,817200,50:24.8
All,567,vegetta777,♈️ Samuel De Luque ♈️,,5700000,Mexico,684300,934600,50:24.8
All,568,adamsandler,Adam Sandler,Cinema|Actors/actresses,12000000,United States,340600,433500,50:24.8
All,569,araikgalstyanmoscowschool,ＡＲＡＩＫ  ＧＡＬＳＴＹＡＮ®️,Beauty,12600000,Turkey,319800,413000,50:24.8
All,570,obj,Odell Beckham Jr,Sports with a ball,15200000,United States,179300,342500,50:24.8
All,571,apple,apple,Computers|Gadgets|Photography,27200000,India,141800,189800,50:24.8
All,572,nobrutv,Bruno Goes 🎭,Machinery|Technologies|Computers|Gadgets,13200000,Brazil,286100,392500,50:24.8
All,573,larissamanoela,Larissa Manoela,Cinema|Actors/actresses,43600000,Brazil,71100,117900,50:24.8
All,574,indiancricketteam,Team India,Sports with a ball,22800000,India,191800,223200,50:24.8
All,575,k.kbeom,김범 kimbum,,4800000,Indonesia,880600,1100000,50:24.8
All,576,nehasharmaofficial,Neha Sharma 💫,Cinema|Actors/actresses,13600000,India,327000,375600,50:24.8
All,577,raffinagita1717,Raffi Ahmad and Nagita Slavina,Shows,59300000,Indonesia,57000,86000,50:24.8
All,578,wizkhalifa,Wiz Khalifa,Music|Art|Artists,35100000,India,103100,145400,50:24.8
All,579,alok,Alok,Music|Art|Artists,26700000,Brazil,148500,191100,50:24.8
All,580,geewonii,김지원,,6900000,Indonesia,562700,740800,50:24.8
All,581,dylansprouse,Dylan Sprouse,Cinema|Actors/actresses,9300000,United States,348000,546300,50:24.8
All,582,navidmohammadzadeh,navid mohammadzadeh,Cinema|Actors/actresses,8000000,Iran,451500,637600,50:24.8
All,583,teyanataylor,Jimmy Neutch- Shumpert,Music,14400000,United States,205100,347900,50:24.8
All,584,fcbayern,FC Bayern,Sports with a ball,30900000,Germany,109700,161500,50:24.8
All,585,markiplier,Markiplier,Shows,9700000,United States,459700,524000,50:24.8
All,586,yugyeom,KYUM,Music|Art|Artists|Cinema|Actors/actresses,10700000,Thailand,362800,471100,50:24.8
All,587,sportscenter,SportsCenter,Sports with a ball|Shows,28400000,United States,97100,174300,50:24.8
All,588,lucyhale,Lucy Hale,Cinema|Actors/actresses,24300000,United States,153800,203300,50:24.8
All,589,lilhuddy,Chase Hudson,Lifestyle|Art|Artists,12100000,United States,274700,408800,50:24.8
All,590,aleoliveiracm,Alê Oliveira,Humor|Fun|Happiness,8200000,Brazil,248700,634900,50:24.8
All,591,nikitadragun,Nikita,Beauty|Modeling|Adult content,9100000,United States,358500,548400,50:24.8
All,592,aliiiiiiiikarimi8,Ali Karimi,Sports with a ball,9000000,Iran,370200,557400,50:24.8
All,593,tamannaahspeaks,Tamannaah Bhatia,Music|Cinema|Actors/actresses,15500000,India,270100,314700,50:24.8
All,594,sadiomaneofficiel,Sadio Mane,Sports with a ball,9300000,United Kingdom,369000,525900,50:24.8
All,595,thenewclassic,Iggy Azalea,Music,15700000,United States,190400,307500,50:24.8
All,596,beautifuldestinations,BEAUTIFUL DESTINATIONS,Photography|Travel,23000000,United States,156000,208700,50:24.8
All,597,wesleysafadao,Wesley Safadão,Music,36100000,Brazil,81800,133700,50:24.8
All,598,nickjonas,Nick Jonas,Music|Art|Artists,32200000,United States,104500,147400,50:24.8
All,599,saipallavi.senthamarai,Sai Pallavi,,5200000,India,815600,935000,50:24.8
All,600,alishalehmann7,Alisha Lehmann,Sports with a ball,6300000,Brazil,407300,768900,50:24.8
All,601,wizkidayo,BIG WIZ🦅,Music,13900000,Nigeria,181500,350600,50:24.8
All,602,lizakoshy,Liza Koshy,Cinema|Actors/actresses,19600000,United States,180900,241300,50:24.8
All,603,yaocabrera,Yao Cabrera,,9900000,Argentina,224000,486900,50:24.8
All,604,sincerooficial,Sincero Oficial,Humor|Fun|Happiness,20700000,Brazil,117000,227000,50:24.8
All,605,amandacerny,Amanda 𝕮𝖊𝖗𝖓𝖞,Humor|Fun|Happiness,24200000,India,120900,193300,50:24.8
All,606,t22felton,Tom Felton,Music|Cinema|Actors/actresses,11900000,United States,304400,394100,50:24.8
All,607,urstrulymahesh,Mahesh Babu,Cinema|Actors/actresses,7800000,India,550000,605900,50:24.8
All,608,sofiaalcastro,♡sofia castro,Shows|Cinema|Actors/actresses|Lifestyle,8400000,Colombia,410700,559300,50:24.8
All,609,alvxaro,ALVARO,Lifestyle,8900000,Brazil,214200,538900,50:24.8
All,610,giannis_an34,Giannis Antetokounmpo,Sports with a ball,11900000,United States,244000,386100,50:24.8
All,611,therealstanlee,Stan Lee,Art|Artists|Comics  sketches,12100000,United States,281200,379200,50:24.8
All,612,hadise,Hadise,Music|Shows,13500000,Turkey,290900,339400,50:24.8
All,613,irinashayk,irinashayk,Modeling,17600000,Russia,188100,260200,50:24.8
All,614,naileadevora,nai,Shows,4800000,United States,657400,971900,50:24.8
All,615,jeremyrenner,Jeremy Renner,Shows|Cinema|Actors/actresses,17000000,United States,224200,268000,50:24.8
All,616,aidanrgallagher,Aidan R Gallagher,Music,7200000,Mexico,535900,646700,50:24.8
All,617,barbieferreira,barbie ferreira,,4200000,United States,600100,1100000,50:24.8
All,618,cazzu,♡ 𝖓𝖊𝖓𝖆 ᴛʀᴀᴍᴘᴀ,Music,9700000,Argentina,367800,471300,50:24.8
All,619,abdevilliers17,AB de Villiers,Sports with a ball|Lifestyle,16700000,India,233800,269700,50:24.8
All,620,rafaeluccman,Rafael Uccman,Lifestyle|Modeling,8500000,Brazil,271700,560000,50:24.8
All,621,larray,larri,Lifestyle|Modeling|Fashion,6700000,United States,467200,682000,50:24.8
All,622,attahalilintar,Atta Halilintar,Art|Artists|Shows,22200000,Indonesia,147800,202100,50:24.8
All,623,melo,LaMelo Ball,Sports with a ball,8000000,United States,278700,567100,50:24.8
All,624,actorprabhas,Prabhas,,7800000,India,514900,576700,50:24.8
All,625,ashleybenson,Ashley Benson,Modeling,22200000,Brazil,141000,199600,50:24.8
All,626,amadorat,N I C O L E   A M A D O,Fashion|Lifestyle|Beauty,7900000,Mexico,507400,567400,50:24.8
All,627,auba,Pierre-Emerick Aubameyang,Sports with a ball,10800000,United Kingdom,259800,414100,50:24.8
All,628,tiffanyyoungofficial,tiffany young,Modeling|Fashion,11400000,Indonesia,312300,390200,50:24.8
All,629,geneliad,Genelia Deshmukh,Cinema|Actors/actresses,9200000,India,391600,485400,50:24.8
All,630,xsqueezie,,Music|Lifestyle,7600000,France,507100,593000,50:24.8
All,631,d_degeaofficial,David De Gea,Sports with a ball,12600000,United Kingdom,247100,349600,50:24.8
All,632,trueno,TR1 ⛈,Music,6700000,Argentina,429900,668900,50:24.8
All,633,dean.schneider,Dean Schneider,Animals,10000000,India,343800,440200,50:24.8
All,634,bypamella,BY PAMELLA ✨🧿,Shows,9300000,Brazil,280500,480400,50:24.8
All,635,angeliqueboyer,Angelique Boyer,Shows|Cinema|Actors/actresses,13900000,Brazil,252400,316400,50:24.8
All,636,zoeisabellakravitz,Zoë Kravitz,Cinema|Actors/actresses,6600000,United States,443900,674500,50:24.8
All,637,loreimprota,Lorena Improta 🍑,Art|Artists,12400000,Brazil,152400,353000,50:24.8
All,638,riyadmahrez26.7,RM26,Sports with a ball,8200000,Algeria,419200,539900,50:24.8
All,639,redvelvet.smtown,Red Velvet Official,Music|Beauty|Fashion,11100000,Indonesia,323500,393300,50:24.8
All,640,noahbeck,Noah Beck,Sports with a ball,9000000,United States,298300,491500,50:24.8
All,641,djsnake,djsnake,Music,9100000,India,409800,486800,50:24.8
All,642,sureshraina3,Suresh Raina,Modeling,18600000,India,206100,233000,50:24.8
All,643,blythe,Andrea Brillantes,Cinema|Actors/actresses|Modeling|Lifestyle,13300000,Philippines,285300,325700,50:24.8
All,644,karinakross,Карина Лазарьянц,Shows,10700000,Russia,329000,402700,50:24.8
All,645,vanessahudgens,🔮Vanessa Hudgens🔮,Cinema|Actors/actresses,44300000,United States,59400,97700,50:24.8
All,646,ederbez,Eugenio Derbez,Cinema|Actors/actresses|Lifestyle,17800000,Mexico,215900,242500,50:24.8
All,647,hztttao,Z.TAO🔴黄子韬,Music,11200000,Indonesia,346300,384700,50:24.8
All,648,anjimaxuofficially,Anjali Arora,Lifestyle,10400000,India,326600,416600,50:24.8
All,649,elcinsangu,Elçin Sangu,Cinema|Actors/actresses|Lifestyle,8200000,Turkey,442800,533300,50:24.8
All,650,avicii,Avicii,Music|Art|Artists,6900000,United States,436400,640900,50:24.8
All,651,bumkeyk,SHINee KEY,Music,8900000,Indonesia,409700,490700,50:24.8
All,652,angela_aguilar_,Ángela Aguilar 🇲🇽,Lifestyle,7800000,Mexico,457400,554500,50:24.8
All,653,riteishd,Riteish Deshmukh,Art|Artists|Cinema|Actors/actresses,13300000,India,273500,319400,50:24.8
All,654,louisvuitton,Louis Vuitton,Fashion|Clothing|Outfits|Accessories|Jewellery,47300000,Brazil,67000,88700,50:24.8
All,655,jaybnow.hr,LIM JAE BEOM,Music,6500000,Brazil,496700,647600,50:24.8
All,656,leighannepinnock,Leigh-Anne Pinnock,Music,8300000,Brazil,358600,511200,50:24.8
All,657,arcangel,"HONOR,LEALTAD Y RESPETO.",Music,12500000,United States,197100,334400,50:24.8
All,658,bclsinclair,Bunga Citra Lestari,Music,19800000,Indonesia,133100,209800,50:24.8
All,659,jaspritb1,jasprit bumrah,Lifestyle,9400000,India,389000,447100,50:24.8
All,660,briandadeyanara,BRIANDA 💖,,12500000,Mexico,281300,330200,50:24.8
All,661,belindapop,Beli,Music,14600000,Mexico,196800,282100,50:24.8
All,662,davidwarner31,David Warner,Sports with a ball,8500000,India,417300,490600,50:24.8
All,663,lilyachty,C.V T,Humor|Fun|Happiness|Lifestyle,10400000,United States,193200,393400,50:24.8
All,664,aliciakeys,Alicia Keys,Music,22600000,United States,134900,180200,50:24.8
All,665,taylor_hill,Taylor Hill,Art|Artists|Fashion|Modeling,18500000,United States,147600,219300,50:24.8
All,666,rubyrose,Ruby Rose,Modeling,18500000,United States,165700,219200,50:24.8
All,667,thiagosilva,Thiago Silva,Sports with a ball,18600000,Brazil,128600,216300,50:24.8
All,668,toni.kr8s,Toni Kroos,Sports with a ball,31200000,Germany,94400,128500,50:24.8
All,669,tiagoleifert,Tiago Leifert,Computers|Gadgets|Machinery|Technologies,8200000,Brazil,281700,490500,50:24.8
All,670,egorkreed,Егор Крид | #HeartBreakKid,Music,14700000,Russia,221800,272000,50:24.8
All,671,thehughjackman,Hugh Jackman,Cinema|Actors/actresses,30300000,United States,115100,131900,50:24.8
All,672,andreavaldirisos,ANDREA VALDIRI 🇨🇴,Lifestyle|Beauty,7400000,Colombia,384000,546200,50:24.8
All,673,shikhardofficial,Shikhar Dhawan,Sports with a ball,10300000,India,334000,382000,50:24.8
All,674,xavi,Xavi Hernández,Sports with a ball,7600000,Spain,353100,529800,50:24.8
All,675,kingryan,Ryan Garcia,Fitness|Gym,8800000,United States,301400,456300,50:24.8
All,676,rockstargames,Rockstar Games,Computers|Gadgets,22000000,United States,144700,180700,50:24.8
All,677,wos.ds3,Valentín Oliva,Music,6300000,Argentina,413800,633000,50:24.8
All,678,camilaloures,Camila Loures ♡,Shows,16900000,Brazil,155500,232300,50:24.8
All,679,albafloresoficial,Alba Flores,Cinema|Actors/actresses,12100000,Spain,239900,323500,50:24.8
All,680,tiwasavage,Tiwa Savage ⚔️,Music,14400000,Nigeria,154900,274300,50:24.8
All,681,dear.zia,𝑓𝑟𝑒𝑒𝑧𝑖𝑎 .🌼,Lifestyle,3700000,South Korea,956900,1100000,50:24.8
All,682,supercarblondie,Alex - that girl with the cars,Cars|Motorbikes,9900000,India,252400,400100,50:24.8
All,683,roddyricch,,Lifestyle,6700000,United States,309300,593700,50:24.8
All,684,memphisdepay,Memphis Depay,Sports with a ball,13500000,France,162700,288800,50:24.8
All,685,staskaranikolaou,Anastasia Karanikolaou,Lifestyle,10800000,United States,244400,358700,50:24.8
All,686,mahnaz_afshar,Mahnaz Afshar,Cinema|Actors/actresses|Lifestyle,15400000,Iran,184200,254600,50:24.8
All,687,therealjosephmorgan,Joseph Morgan,Cinema|Actors/actresses|Lifestyle,7800000,Brazil,405800,507800,50:24.8
All,688,avrillavigne,Avril Lavigne,Music|Cinema|Actors/actresses|Fashion,10500000,Brazil,296900,370300,50:24.8
All,689,amybethmcnulty,Amybeth,Lifestyle|Cinema|Actors/actresses,6100000,Brazil,463700,637300,50:24.8
All,690,officialtomellis,Tom Ellis,Cinema|Actors/actresses,10200000,Brazil,263800,379000,50:24.8
All,691,tombrady,Tom Brady,Sports with a ball,11300000,United States,186500,345300,50:24.8
All,692,snoopdogg,snoopdogg,Lifestyle|Music,67700000,United States,38300,57600,50:24.8
All,693,iam_linyi,我是林一同学,,3600000,Indonesia,819100,1100000,50:24.8
All,694,pokimanelol,pokimane ❤,Lifestyle|Shows|Computers|Gadgets,6000000,United States,492400,649500,50:24.8
All,695,narins_beauty,••Narins Beauty••,Lifestyle,8200000,Syria,392100,478100,50:24.8
All,696,hudabeauty,HUDA KATTAN,Beauty,49900000,Brazil,46600,77000,50:24.8
All,697,sofiavergara,Sofia Vergara,Cinema|Actors/actresses,24500000,United States,120700,156100,50:24.8
All,698,kyrieirving,K.A.I Hélà,Sports with a ball,15900000,United States,159200,241200,50:24.8
All,699,choi_seung_hyun_tttop,T.O.P,,13300000,Indonesia,243100,287400,50:24.8
All,700,pedroalonsoochoro,Pedro Alonso,Cinema|Actors/actresses,9600000,Brazil,290000,399900,50:24.8
All,701,rafakalimann,RAFA KALIMANN,Modeling,22700000,Brazil,97000,174900,50:24.8
All,702,marcoasensio10,Marco Asensio,Sports with a ball,13300000,Spain,184900,283700,50:24.8
All,703,ladivaza,✨LA DIVAZA✨,Music|Modeling,6800000,Mexico,468500,571600,50:24.8
All,704,dylanminnette,Dylan Minnette,Music|Cinema|Actors/actresses,7300000,United States,322400,523800,50:24.8
All,705,tomcruise,Tom Cruise,Cinema|Actors/actresses,6100000,India,459600,638500,50:24.8
All,706,nidhhiagerwal,Nidhhi Agerwal 🌟,Lifestyle|Modeling|Cinema|Actors/actresses,18400000,India,170900,204400,50:24.8
All,707,andresiniesta8,Andres Iniesta,Sports with a ball,38800000,Spain,67000,96700,50:24.8
All,708,karna.val,🖤Valentina🖤,Lifestyle,7200000,Russia,455100,535600,50:24.8
All,709,rupertgrint,Rupert Grint,,4700000,Brazil,576400,818300,50:24.8
All,710,mterstegen1,Marc ter Stegen,Sports with a ball,13100000,Spain,189300,285200,50:24.8
All,711,jorgelopez_as,Jorge Lopez,Cinema|Actors/actresses,9800000,Brazil,235100,385800,50:24.8
All,712,ggonekim,,,5000000,Indonesia,607700,746600,50:24.8
All,713,courteneycoxofficial,Courteney Cox,Cinema|Actors/actresses,12000000,India,233600,308600,50:24.8
All,714,skaijackson,S K A I,Lifestyle|Beauty,7800000,United States,272600,481500,50:24.8
All,715,diljitdosanjh,DILJIT DOSANJH,Cinema|Actors/actresses,12600000,India,242000,291000,50:24.8
All,716,kiernanshipka,Kiernan Shipka,Cinema|Actors/actresses,8200000,Brazil,281300,455800,50:24.8
All,717,loud_babi,Bárbara Passos,Lifestyle,9300000,Brazil,250400,404200,50:24.8
All,718,grefg_official,TheGrefg,Computers|Gadgets|Machinery|Technologies,7000000,Spain,427500,530500,50:24.8
All,719,angeldimariajm,Ángel Di María,Sports with a ball,15900000,Argentina,156400,230100,50:24.8
All,720,alvaromorte,Álvaro Morte,Cinema|Actors/actresses,12500000,India,212700,291200,50:24.8
All,721,playstation,PlayStation,Computers|Gadgets|Machinery|Technologies,28800000,United States,103800,126800,50:24.8
All,722,yungmiami305,Caresha ..💗💋,Lifestyle,5100000,United States,246400,731400,50:24.8
All,723,shaq,DR. SHAQUILLE O'NEAL Ed.D.,Lifestyle,22500000,United States,124000,163000,50:24.8
All,724,karljacobs,Karl Jacobs,,3900000,United States,732300,954700,50:24.8
All,725,francinyehlke,FЯAN,Beauty,15000000,Brazil,110200,240800,50:24.8
All,726,tamerhosny,Tamer Hosny,Music|Cinema|Actors/actresses,21700000,Egypt,137700,167900,50:24.8
All,727,theshilpashetty,Shilpa Shetty Kundra,Cinema|Actors/actresses,24200000,India,129300,149800,50:24.8
All,728,joshu_acoustic,Joshua Hong,Music,3800000,,0,969200,50:24.8
All,729,martingarrix,Martin Garrix,Music,15500000,Mexico,164400,231800,50:24.8
All,730,virgilvandijk,Virgil van Dijk,Sports with a ball,11200000,United Kingdom,224800,319000,50:24.8
All,731,wayvofficial,WayV,Music,6800000,Indonesia,452300,538900,50:24.8
All,732,kikakim,Kristina Kim,,6300000,Kazakhstan,435400,576300,50:24.8
All,733,sarwendah29,Sarwendah29,Music|Lifestyle,30300000,Indonesia,99700,118200,50:24.8
All,734,disney,Disney,Shows,32700000,United States,89800,109200,50:24.8
All,735,earthpix,🌎  EarthPix  🌎,Nature  landscapes|Photography,22100000,United States,133600,162900,50:24.8
All,736,smtown,SM Entertainment Group,Music,13300000,Indonesia,222100,268400,50:24.8
All,737,emiliamernes,ΣMILIΔ,Music,4400000,Argentina,437400,823200,50:24.8
All,738,valeyellow46,Valentino Rossi,Racing|Sports,12800000,Indonesia,211600,276000,50:24.8
All,739,fabriziorom,Fabrizio Romano,Literature|Journalism|Shows,6100000,Italy,342800,593100,50:24.8
All,740,netflixlat,Netflix Latinoamérica,Shows|Cinema|Actors/actresses,21800000,Argentina,103100,162500,50:24.8
All,741,dearra,De'arra Taylor,Lifestyle,5900000,United States,244900,610200,50:24.8
All,742,yasminabdelaziz_,Yasmin Abdelaziz,Cinema|Actors/actresses,15100000,Egypt,199700,236500,50:24.8
All,743,hm_son7,Son HeungMin(손흥민)🇰🇷,,5700000,Brazil,386900,629000,50:24.8
All,744,nadine,小宮希美 🤍,Music|Shows,11000000,Philippines,287700,318400,50:24.8
All,745,joaoguilherme,J҉O҉T҉I҉N҉H҉A҉,Music|Cinema|Actors/actresses|Lifestyle,15200000,Brazil,118700,231700,50:24.8
All,746,aishwaryaraibachchan_arb,AishwaryaRaiBachchan,Cinema|Actors/actresses,9900000,India,281500,359000,50:24.8
All,747,mohamedramadanws,Mohamed Ramadan,Music,19900000,Egypt,129300,179000,50:24.8
All,748,yooncy1,윤찬영 Yoon chanyoung,,2800000,South Korea,1100000,1300000,50:24.8
All,749,maxverstappen1,Max Verstappen,Racing|Sports,7900000,United States,342300,450200,50:24.8
All,750,borodylia,Ксения Бородина,Shows|Family,18200000,Russia,156900,192800,50:24.8
All,751,deiveleonardo,Deive Leonardo,Literature|Journalism|Trainers|Coaches,10600000,Brazil,181100,334200,50:24.8
All,752,nodal,Christian Nodal 🇲🇽 🌵💚,Music,7900000,Mexico,306400,450100,50:24.8
All,753,kevinho,KEVINHO,Music,28200000,Brazil,88800,124000,50:24.8
All,754,brianmaps,Брайн Мапс (Макс Тарасенко),Photography,5700000,Russia,609400,630300,50:24.8
All,755,nita_shilimkar,Nita Shilimkar,Fashion|Modeling,9500000,India,280100,370700,50:24.8
All,756,watanabenaomi703,渡辺直美　Naomi watanabe,Cinema|Actors/actresses|Humor|Fun|Happiness|Modeling,9600000,Japan,341400,363100,50:24.8
All,757,ana_d_armas,A N A   D E   A R M A S,Cinema|Actors/actresses|Lifestyle,5600000,United States,460900,623700,50:24.8
All,758,bramastavrl,Verrell Bramasta,Cinema|Actors/actresses|Lifestyle,23200000,Indonesia,117900,149100,50:24.8
All,759,jessicajane99,Jessica Jane,Lifestyle,6100000,Indonesia,434400,573000,50:24.8
All,760,thegirljt,JT🦋,Music,5000000,United States,255900,700400,50:24.8
All,761,colleen,Colleen Ballinger,Family|Fashion|Modeling,7400000,United States,371400,467800,50:24.8
All,762,nadine.nassib.njeim,Nadine Nassib Njeim,Cinema|Actors/actresses|Modeling,14500000,Iraq,165300,235700,50:24.8
All,763,wdohwan,우도환,Cinema|Actors/actresses,4400000,Indonesia,596100,791100,50:24.8
All,764,ashanty_ash,Ashanty,Music,27800000,Indonesia,97700,121900,50:24.8
All,765,pocah,POCAH,Music,15600000,Brazil,91700,217300,50:24.8
All,766,zoesugg,Zoë Sugg,Lifestyle|Business|Careers,9300000,United Kingdom,264600,366100,50:24.8
All,767,dava_m,Дава Ⓜ️ Всё будет хорошо🧸,Business|Careers,13800000,Russia,190700,247200,50:24.8
All,768,phoebejtonkin,Phoebe Tonkin,Beauty|Cinema|Actors/actresses|Modeling,8100000,United States,294100,419900,50:24.8
All,769,danielricciardo,Daniel Ricciardo,Racing|Sports,6300000,United States,419100,544300,50:24.8
All,770,asalamaleh,Asala Maleh,Shows,6400000,Iraq,433300,535800,50:24.8
All,771,lomon991111,Lomon 991111,,3500000,,0,987300,50:24.8
All,772,alexis_officia1,Sanchez Alexis,Sports with a ball,13100000,Chile,156600,257900,50:24.8
All,773,kajol,Kajol Devgan,Cinema|Actors/actresses,12100000,India,223900,277200,50:24.8
All,774,jackharlow,Jack Harlow,Lifestyle|Music,4600000,United States,393000,733800,50:24.8
All,775,luisafernandaw,Luisa Fernanda W,Lifestyle|Beauty,16700000,Colombia,130300,200200,50:24.8
All,776,charles_leclerc,Charles Leclerc,Racing|Sports,6000000,Italy,419500,556900,50:24.8
All,777,dudewithsign,Seth,,7800000,United States,272200,428300,50:24.8
All,778,mercedesbenz,Mercedes-Benz,Cars|Motorbikes|Luxury,35100000,Iran,67600,93800,50:24.8
All,779,roberto_firmino,ROBERTO FIRMINO,Sports with a ball,13200000,Brazil,167700,249200,50:24.8
All,780,oprah,Oprah,Art|Artists|Cinema|Actors/actresses|Shows,20600000,United States,137800,161600,50:24.8
All,781,ferrari,Ferrari,Luxury|Cars|Motorbikes,21500000,United States,115000,151500,50:24.8
All,782,claireholt,Claire Holt,Cinema|Actors/actresses|Lifestyle,7300000,United States,329300,449600,50:24.8
All,783,sonamkapoor,Sonam Kapoor Ahuja,Fashion|Modeling,31700000,India,85900,102800,50:24.8
All,784,yuvisofficial,Yuvraj Singh,Sports with a ball,13000000,India,209200,249800,50:24.8
All,785,kevinroldankr,KR ♛,Music,10100000,Mexico,200200,324200,50:24.8
All,786,jordynwoods,HEIR JORDYN,Modeling|Lifestyle|Fashion,12300000,United States,139000,262900,50:24.8
All,787,buzova86,Ольга Бузова,Music|Shows|Cinema|Actors/actresses,23100000,Russia,109200,141600,50:24.8
All,788,aycaaysinturan,Ayça Ayşin Turan,Cinema|Actors/actresses,5500000,Turkey,451100,601600,50:24.8
All,789,klaythompson,Klay Thompson,Sports with a ball|Lifestyle,11200000,United States,197800,287300,50:24.8
All,790,aislinnderbez,𝔸 𝕀 𝕊 𝕃 𝕀 ℕ ℕ  𝕕 𝕖 𝕣 𝕓 𝕖 𝕫,Cinema|Actors/actresses,11900000,Mexico,216000,270100,50:24.8
All,791,marcinho11,Marco Reus,Sports with a ball,10800000,Germany,217300,296500,50:24.8
All,792,schwarzenegger,Arnold Schwarzenegger,Cinema|Actors/actresses|Fitness|Gym,22100000,United States,122900,145500,50:24.8
All,793,miketyson,Mike Tyson,Fitness|Gym,16300000,United States,152700,196200,50:24.8
All,794,xuminghao_o,The8 디에잇,Music,4200000,Indonesia,611300,771300,50:24.8
All,795,nastyaivleeva,НАСТЯ ИВЛЕЕВА,Shows|Lifestyle,8100000,Russia,324400,396400,50:24.8
All,796,ruben_onsu,Ruben Onsu,Cinema|Actors/actresses|Shows,37200000,Indonesia,69000,85700,50:24.8
All,797,zhanabylov_e,Ерболат Жанабылов,Shows,7700000,Kazakhstan,299900,417400,50:24.8
All,798,francety,Francia James,Adult content,10000000,India,244100,319500,50:24.8
All,799,yejinhand,손예진,Cinema|Actors/actresses,5300000,Indonesia,467500,608500,50:24.8
All,800,maudyayunda,Maudy Ayunda,Music,15200000,Indonesia,140000,206400,50:24.8
All,801,tarajiphenson,taraji p henson,Music|Cinema|Actors/actresses,18900000,United States,119600,168100,50:24.8
All,802,yamigautam,Yami Gautam Dhar,Cinema|Actors/actresses,14700000,India,182800,212500,50:24.8
All,803,amarantavp,A M A 🤍,,4900000,Mexico,515200,644700,50:24.8
All,804,spacex,SpaceX,Science|Machinery|Technologies,12400000,United States,207700,252500,50:24.8
All,805,morgen_shtern,НЕ МОРГЕНШТЕРН,Music,7900000,Russia,324100,401700,50:24.8
All,806,hyeri_0609,혜리,Music,6900000,South Korea,381100,459000,50:24.8
All,807,catriona_gray,Catriona Gray,Music|Modeling,12900000,Philippines,203800,240200,50:24.8
All,808,vicdeangelis,Victoria De Angelis/ Måneskin,,3500000,Italy,601000,891400,50:24.8
All,809,for_everyoung10,장원영 WONYOUNG,,3100000,Indonesia,801100,1000000,50:24.8
All,810,cbum,Chris Bumstead,Fitness|Gym,5800000,United States,325800,538300,50:24.8
All,811,tommyinnit,TommyInnit,Lifestyle,3600000,France,776500,876200,50:24.8
All,812,pooorblack,Pooorblack,,3700000,Iran,671000,870300,50:24.8
All,813,amandamanopo,,Modeling|Beauty|Lifestyle,15000000,Indonesia,157300,207100,50:24.8
All,814,romanreigns,Joe Anoai aka “Roman Reigns”,,5800000,India,416600,542000,50:24.8
All,815,vivi,Vivi Wanderley,Beauty|Lifestyle,12700000,Brazil,147300,242000,50:24.8
All,816,stevengerrard,Steven Gerrard,Sports with a ball,9800000,United Kingdom,227500,318900,50:24.8
All,817,bigsean,BIGSEAN,Music|Art|Artists,14300000,United States,117300,214700,50:24.8
All,818,hitocaesar,Immanuel Caesar Hito,Lifestyle,13300000,Indonesia,162000,227900,50:24.8
All,819,elliotpage,,,5700000,United States,371800,535000,50:24.8
All,820,jesselingard,JLingz,Sports with a ball,9300000,United Kingdom,215600,331200,50:24.8
All,821,jenniferwinget1,Jennifer Winget,Cinema|Actors/actresses,11800000,India,211200,256800,50:24.8
All,822,dbook,Devin,,5000000,United States,312800,614100,50:24.8
All,823,sofiacarson,Sofia Carson,Music|Cinema|Actors/actresses,16300000,Brazil,135800,184900,50:24.8
All,824,mia_malkova,Mia Malkova,Cinema|Actors/actresses,10600000,India,204100,284900,50:24.8
All,825,violets.tv,Violet Summers,Adult content,12300000,Italy,181000,247700,50:24.8
All,826,actor_jg,💓배우 이준기 a.k.a Actor JG 李準基 💓,Cinema|Actors/actresses,6000000,Indonesia,436400,512100,50:24.8
All,827,rice,RiceGum,Shows|Humor|Fun|Happiness,3700000,United States,487700,847900,50:24.8
All,828,jheneaiko,Jhené Aiko Efuru Chilombo 🔮,Music,13700000,United States,124400,217900,50:24.8
All,829,bmw,BMW,Cars|Motorbikes,32700000,Iran,69300,90900,50:24.8
All,830,mirandacosgrove,Miranda Cosgrove,Music|Cinema|Actors/actresses|Lifestyle,9800000,Brazil,197400,308600,50:24.8
All,831,sidhu_moosewala,Sidhu Moosewala (ਮੂਸੇ ਆਲਾ),,6900000,India,370300,448600,50:24.8
All,832,ivankatrump,Ivanka Trump,Business|Careers|Finance|Economics,7500000,India,334200,414300,50:24.8
All,833,cole.labrant,Cole LaBrant,Lifestyle|Fashion,5000000,United States,427600,602000,50:24.8
All,834,kaylanicolejones,,Shows,7400000,United States,191100,405500,50:24.8
All,835,annemarie,ANNE-MARIE,Shows|Music,9000000,India,237500,332400,50:24.8
All,836,wilbursoot,Wilbur Soot,Music,3200000,United States,733800,942600,50:24.8
All,837,sound_of_coups,COUPS,,3200000,Indonesia,727300,932900,50:24.8
All,838,anyageraldine,anya geraldine,Music,10200000,Indonesia,171000,286300,50:24.8
All,839,davidalaba,David Alaba,Sports with a ball,7900000,Spain,264900,375100,50:24.8
All,840,starwars,Star Wars,Cinema|Actors/actresses,14700000,United States,155200,197700,50:24.8
All,841,kkvsh,🇯🇲🦂🇸🇻,Lifestyle,8100000,United States,216800,367400,50:24.8
All,842,subo_m,Subhan Mamedov,Shows,9000000,Russia,271100,332400,50:24.8
All,843,littlemix,Little Mix,Music,15300000,Brazil,141100,189600,50:24.8
All,844,gabigol,Gabi 🇧🇷 Lil Gabi,Sports with a ball,9300000,Brazil,209700,317400,50:24.8
All,845,willowsmith,∴ WILLOW ∴,Lifestyle,9900000,United States,182200,296700,50:24.8
All,846,esbilgic,Esra Bilgiç,Lifestyle|Modeling,6600000,India,352100,448000,50:24.8
All,847,inanna,Inanna,Shows,13600000,United States,139200,211100,50:24.8
All,848,canelo,Saul Alvarez,Fitness|Gym,12500000,Mexico,164600,229600,50:24.8
All,849,soyneiva,Neiva Mara,Adult content,11100000,Brazil,193400,259800,50:24.8
All,850,vanessalopesr_,Vanessa Lopes,Lifestyle,9600000,Brazil,93500,304800,50:24.8
All,851,kentooyamazaki,山﨑賢人,Cinema|Actors/actresses,4800000,Japan,522700,607000,50:24.8
All,852,lacikaysomers,Laci Kay Somers,Music|Modeling|Art|Artists,11300000,United States,151100,257900,50:24.8
All,853,thefatjewish,thefatjewish,Humor|Fun|Happiness,10100000,United States,220100,287400,50:24.8
All,854,jennifer.garner,Jennifer Garner,Cinema|Actors/actresses,12000000,United States,210800,238300,50:24.8
All,855,katiavlogss,SOY KATIA VLOGS🎥🐒,,6700000,Mexico,358000,431200,50:24.8
All,856,funnyhoodvidz,FunnyHoodVidz,Humor|Fun|Happiness,18200000,United States,97400,156600,50:24.8
All,857,bleacherreport,Bleacher Report,Sports with a ball,17900000,United States,80300,158600,50:24.8
All,858,rachelvennya,Rachel Vennya Roland,Kids|Toys|Family,6500000,Indonesia,206400,435700,50:24.8
All,859,brycehall,Bryce Hall,Music,7600000,United States,292300,375300,50:24.8
All,860,acunilicali,Acun Ilıcalı,Cinema|Actors/actresses,13500000,Turkey,172200,212100,50:24.8
All,861,bibisbeautypalace,! Bibi,Family|Lifestyle,7800000,Germany,322800,369900,50:24.8
All,862,ewsbdi,로운,,4100000,Indonesia,468600,700100,50:24.8
All,863,joannagaines,Joanna Stevens Gaines,Family|D|I|Y|Design,13500000,United States,185600,209500,50:24.8
All,864,bts.jungkook,JUNGKOOK,Music,8300000,Indonesia,302700,345100,50:24.8
All,865,therealcalebmclaughlin,Caleb McLaughlin,Cinema|Actors/actresses|Lifestyle,11200000,Brazil,176100,251400,50:24.8
All,866,orianasabatini,の 尺 ﾉ ﾑ 刀 ﾑ,Music,5700000,Argentina,226100,499900,50:24.8
All,867,gigigrigio,Giovanna Grigio,Cinema|Actors/actresses,7300000,Brazil,227800,390300,50:24.8
All,868,anggayunandareal16,ANGGA ALDI YUNANDA,Modeling,10100000,Indonesia,190400,275400,50:24.8
All,869,nicolegarcia,NICOLE,Lifestyle,5000000,Mexico,428400,561100,50:24.8
All,870,juansguarnizo,Juan Sebastián Guarnizo,,4300000,Mexico,602800,660100,50:24.8
All,871,victorigoh,Victor Igoh 💀,Lifestyle,4700000,Brazil,243300,613100,50:24.8
All,872,karrrambaby,Карина KARRRAMBABY КАрМАн БэБИ,Lifestyle,4200000,Russia,608700,675400,50:24.8
All,873,staceysolomon,Stacey Solomon,Family,5000000,United Kingdom,464900,559900,50:24.8
All,874,karolsevillaofc,KAROL SEVILLA,Cinema|Actors/actresses,14000000,Brazil,156100,197800,50:24.8
All,875,yefersoncossio,Yef,Lifestyle,8200000,Colombia,235500,345700,50:24.8
All,876,redbull,Red Bull,Extreme|Sports|Outdoor activity|Racing|Sports,15400000,United States,125100,179300,50:24.8
All,877,voguemagazine,Vogue,Literature|Journalism|Fashion,36700000,United States,48800,75100,50:24.8
All,878,annecurtissmith,Anne Curtis,Music|Cinema|Actors/actresses|Lifestyle,17600000,Philippines,137900,156600,50:24.8
All,879,manugavassi,Manu Gavassi,Cinema|Actors/actresses,15300000,Brazil,96300,181400,50:24.8
All,880,natgeotravel,National Geographic Travel,Nature  landscapes|Photography|Travel,45100000,United States,50300,60900,50:24.8
All,881,warriors,Golden State Warriors,Lifestyle|Sports with a ball,21300000,United States,92400,128900,50:24.8
All,882,martinpdisalvo,Coscu,,3500000,Argentina,526700,797700,50:24.8
All,883,iza,IZA,Music,15600000,Brazil,111800,176700,50:24.8
All,884,maradona,Diego Maradona,Sports with a ball,7100000,Argentina,234600,395600,50:24.8
All,885,jennaortega,Jenna Ortega,Cinema|Actors/actresses|Lifestyle,7000000,United States,278100,395900,50:24.8
All,886,soydannyalfaro,Danny Alfaro 🌹,Beauty,8000000,Mexico,302100,346100,50:24.8
All,887,ricky_martin,Ricky Martin,Music,16500000,Argentina,124800,168500,50:24.8
All,888,alvaromorata,Álvaro Morata,Sports with a ball|Literature|Journalism,15700000,Italy,113000,174500,50:24.8
All,889,ivanaalawi,Ivana Alawi,Cinema|Actors/actresses,7700000,Philippines,328100,358900,50:24.8
All,890,nabilla,Nabilla Vergara ✨,Beauty,7100000,France,283700,390500,50:24.8
All,891,galatasaray,Galatasaray,Sports with a ball,10800000,Turkey,208300,252800,50:24.8
All,892,from_jjlee,jung jae Lee,,5300000,Iran,359800,522300,50:24.8
All,893,choquei,CHOQUEI - BBB22,Literature|Journalism,15800000,Brazil,55900,174600,50:24.8
All,894,jashlem,JeanCarloLeón,Lifestyle,6700000,Mexico,331200,411500,50:24.8
All,895,miguel_bernardeau,Miguel Bernardeau,Cinema|Actors/actresses,7100000,Spain,263400,388700,50:24.8
All,896,agnezmo,AGNEZ MO,Music,27100000,Indonesia,60500,101000,50:24.8
All,897,beberexha,Bebe Rexha,Music|Lifestyle,10800000,India,170800,252100,50:24.8
All,898,bugatti,BUGATTI,Cars|Motorbikes|Luxury|Racing|Sports,16000000,United States,125300,169400,50:24.8
All,899,armaanmalik,ARMAAN MALIK 🧿,Music,11400000,India,207200,239600,50:24.8
All,900,shrutzhaasan,Shruti Haasan,Music|Cinema|Actors/actresses,18800000,India,119300,143800,50:24.8
All,901,joshrichards,Josh Richards,Shows|Modeling,6900000,United States,282600,396700,50:24.8
All,902,gabunion,Gabrielle Union-Wade,Cinema|Actors/actresses,19700000,United States,95800,137600,50:24.8
All,903,adidasoriginals,adidas Originals,Clothing|Outfits|Shopping|Retail,34400000,United States,57600,78700,50:24.8
All,904,sinavaliollah,Sina Valiollah,Shows,6300000,Iran,346700,438400,50:24.8
All,905,333cyj333,Ars 🎗,Music,6500000,Thailand,354900,422300,50:24.8
All,906,itzan.escamilla,lil π,Cinema|Actors/actresses,7000000,Brazil,228600,386800,50:24.8
All,907,nastya_nass_,Nastya Nass,Shows|Fitness|Gym,7800000,United States,230500,350200,50:24.8
All,908,frenchmontana,French Montana,Music,22600000,United States,74800,125200,50:24.8
All,909,porsche,Porsche,Cars|Motorbikes,26200000,United States,80000,101900,50:24.8
All,910,amorimvivian,Vivian Amorim,Modeling,7000000,Brazil,207900,384200,50:24.8
All,911,shivangijoshi18,शिवांगी जोशी,Lifestyle,6000000,India,375500,451800,50:24.8
All,912,queennaija,loading..,Music,9000000,United States,126200,301700,50:24.8
All,913,ginaindelicada,Gina Indelicada - BBB22,Humor|Fun|Happiness,10700000,Brazil,122700,252500,50:24.8
All,914,sebastianyatra,Sebastian Yatra,Music|Art|Artists,28900000,Argentina,66600,92100,50:24.8
All,915,instasamka,INSTASAMKA $$$$$$,Music|Shows,5200000,Russia,372600,514800,50:24.8
All,916,antdavis23,Anthony Davis,Sports with a ball,7100000,United States,245800,379000,50:24.8
All,917,troyesivan,troye sivan,Art|Artists|Fashion|Music,12500000,United States,147200,211600,50:24.8
All,918,ayutingting92,Ayu Tingting,Music|Lifestyle,50600000,Indonesia,38600,52000,50:24.8
All,919,its.michhh,A La Mich,,5000000,Mexico,447100,545500,50:24.8
All,920,perspolis,P e r s e p o l i s,Sports with a ball,7200000,Iran,261400,372600,50:24.8
All,921,pokrov90,АНЯ ПОКРОВ - АНТИГРУСТИН🥑❤️,Shows,7400000,Russia,309900,361500,50:24.8
All,922,trentarnold66,Trent Alexander-Arnold,Lifestyle|Sports with a ball,6300000,United Kingdom,286800,420000,50:24.8
All,923,willevy,William  Levy / Actor Producer,Shows|Cinema|Actors/actresses|Modeling,9600000,Brazil,208000,279800,50:24.8
All,924,kaliuchis,,Music,3700000,United States,418500,722800,50:24.8
All,925,becaa_barreto,Rebeca 🌙,,7500000,Brazil,184800,352200,50:24.8
All,926,laurenjauregui,Lauren Jauregui,Music,9900000,United States,181500,268500,50:24.8
All,927,canyaman,Can Yaman,Cinema|Actors/actresses|Modeling,9200000,Italy,236400,293500,50:24.8
All,928,noorstars,نور ستارز | Noor Stars,Shows,12300000,Iraq,159200,214400,50:24.8
All,929,chaelincl,CL,Art|Artists|Fashion|Modeling,9700000,Brazil,205500,272200,50:24.8
All,930,kaka,Kaká,Sports with a ball,17800000,Brazil,89800,145800,50:24.8
All,931,i_nivethathomas,Nivetha Thomas,Cinema|Actors/actresses,5700000,India,404500,457500,50:24.8
All,932,actorsuriya,Suriya Sivakumar,,4000000,India,506300,657600,50:24.8
All,933,arminzareeiofficial,Armin Zareei,,9300000,Iran,181000,287500,50:24.8
All,934,zaskiasungkar15,Zaskia Sungkar,Lifestyle|Clothing|Outfits,27400000,Indonesia,61700,94300,50:24.8
All,935,kingarturo23oficial,Arturo Vidal,Sports with a ball,16500000,Italy,97500,156900,50:24.8
All,936,jaydacheaves,JAYDA WAYDA,Clothing|Outfits,6700000,United States,132300,392500,50:24.8
All,937,jackblack,Jack Black,Cinema|Actors/actresses,8600000,United States,234400,306300,50:24.8
All,938,dukeandduchessofcambridge,Duke and Duchess of Cambridge,Family|Finance|Economics,13500000,,0,191800,50:24.8
All,939,harrykane,Harry Kane,Sports with a ball,12100000,United Kingdom,154400,212800,50:24.8
All,940,sssniperwolf,Lia,Music,5300000,United States,380200,489400,50:24.8
All,941,edwestwick,Ed Westwick,Music|Cinema|Actors/actresses|Lifestyle,8700000,Brazil,149700,299500,50:24.8
All,942,bobbyindaeyo,,Music,3400000,Indonesia,675500,787100,50:24.8
All,943,ateez_official_,ATEEZ(에이티즈),Music,6000000,United States,380900,437600,50:24.8
All,944,dejesusoficial,Gabriel Jesus,Sports with a ball,16300000,Brazil,101900,157300,50:24.8
All,945,nouraridaofficial,Nour Arida,Modeling,10100000,Saudi Arabia,192000,253900,50:24.8
All,946,baifernbah,baifernbah,Lifestyle,9700000,Indonesia,212300,268700,50:24.8
All,947,olamide,Olamidé,Music,8900000,Nigeria,198600,298800,50:24.8
All,948,la_segura,LA SEGURA ♛ ♥,Cinema|Actors/actresses,8100000,Colombia,262400,321200,50:24.8
All,949,rayssalealsk8,Rayssa Leal,Extreme|Sports|Outdoor activity,6700000,Brazil,234000,387500,50:24.8
All,950,divyankatripathidahiya,Divyanka Tripathi Dahiya,Shows|Cinema|Actors/actresses,18500000,India,120600,138400,50:24.8
All,951,you_r_love,김유정🇰🇷,,5300000,Indonesia,379900,485000,50:24.8
All,952,kawtarbamo,KAWTAR BA-MOHAMED,Cinema|Actors/actresses,7100000,Morocco,270000,365800,50:24.8
All,953,aykutelmas,Aykut Elmas,Cinema|Actors/actresses|Photography,6800000,Turkey,327100,383400,50:24.8
All,954,gucci,Gucci Official,Accessories|Jewellery|Clothing|Outfits|Fashion,47100000,United States,39200,54000,50:24.8
All,955,sarahhyland,Sarah Hyland,Cinema|Actors/actresses|Lifestyle,9000000,United States,228600,286100,50:24.8
All,956,romelulukaku,Romelu Lukaku,Sports with a ball,8600000,Italy,206500,297400,50:24.8
All,957,masijacoke850714,이광수,Cinema|Actors/actresses,4700000,South Korea,443000,549200,50:24.8
All,958,soycarolinadiaz,Carolina Díaz,Cinema|Actors/actresses,8300000,Mexico,265200,309800,50:24.8
All,959,veradijkmans,DUTCH🇳🇱,Adult content,4900000,United States,374300,526500,50:24.8
All,960,sophiedee,Sophie Dee,Adult content,11300000,United States,169700,225600,50:24.8
All,961,hziyech,Hakim Ziyech,Sports with a ball,5400000,Morocco,343400,469200,50:24.8
All,962,g_eazy,G-Eazy,Music|Art|Artists,9300000,United States,179600,275100,50:24.8
All,963,michaelclifford,michael clifford,Music,5800000,United States,302700,443800,50:24.8
All,964,christian_fig,Christian Figueiredo,Cinema|Actors/actresses|Lifestyle,10100000,Brazil,159000,247600,50:24.8
All,965,chloebailey,Chlöe,,4600000,United States,281900,555000,50:24.8
All,966,ahmedhelmy,Ahmed Helmy,Humor|Fun|Happiness,16200000,Egypt,124800,155800,50:24.8
All,967,miyayeah,SUNMI,Photography|Lifestyle,7900000,South Korea,267300,321200,50:24.8
All,968,pabllovittar,Pabllo Vittar,Fashion,12400000,Brazil,90400,203500,50:24.8
All,969,caviarmagnat,by Tregubov,,11900000,Russia,147400,215200,50:24.8
All,970,jordialbaoficial,Jordi Alba,Sports with a ball,13900000,Spain,124900,180500,50:24.8
All,971,valentinazenere,Valentina Zenere,Modeling|Lifestyle,8300000,Brazil,250500,305000,50:24.8
All,972,nozeworld,no:ze | 노제,,3200000,South Korea,637000,779700,50:24.8
All,973,davidluiz23,David Luiz,Sports with a ball,21000000,Brazil,53800,118900,50:24.8
All,974,ravindra.jadeja,Ravindrasinh jadeja,Lifestyle|Sports with a ball,4200000,India,484800,596800,50:24.8
All,975,brunofernandes.10,Bruno Fernandes,Lifestyle,6600000,United Kingdom,254900,381100,50:24.8
All,976,loud_thurzin,Arthur Fernandes,,6800000,Brazil,281200,377600,50:24.8
All,977,euxama,XAMÃ,Music|Art|Artists,6600000,Brazil,182000,384000,50:24.8
All,978,dagelan,Dagelan,Humor|Fun|Happiness,20600000,Indonesia,72400,122600,50:24.8
All,979,youngdae0302,김영대,Music,3800000,Indonesia,499900,660300,50:24.8
All,980,kto_takaya,Liza Miller,Family,7400000,Russia,278200,341600,50:24.8
All,981,meekmill,Meek Mill,Music,22100000,United States,59200,112700,50:24.8
All,982,viking.barbie,Viking Barbie⚔,Adult content,11000000,United States,149100,227800,50:24.8
All,983,lala,ℒᎯ ℒᎯ,Lifestyle,12700000,United States,121200,194600,50:24.8
All,984,casemiro,Casemiro,Sports with a ball,13600000,Spain,120400,180700,50:24.8
All,985,elt6i,Elmira Tolegenova,Family,7200000,Russia,285100,348600,50:24.8
All,986,natalee.007,Natalie Lee,Modeling|Music,6800000,United States,286900,366600,50:24.8
All,987,rishabpant,Rishabh Pant,Sports with a ball,5700000,India,365300,433800,50:24.8
All,988,jeffreestar,Jeffree Star,Beauty|Art|Artists|Modeling,13600000,United States,123600,180600,50:24.8
All,989,emiliovmartinez,Emilio,Music,13600000,Mexico,139200,179700,50:24.8
All,990,farruko,⛽️167💽🏁🔜,Music,19800000,United States,92900,123300,50:24.8
All,991,gemmastyles,Gemma Styles,Literature|Journalism,8100000,United States,200400,304900,50:24.8
All,992,manelyk_oficial,Manelyk Gonzalez,Music,13800000,Mexico,131500,176300,50:24.8
All,993,giovannaantonelli,Giovanna Antonelli,Humor|Fun|Happiness|Shows|Art|Artists,15700000,Brazil,113500,155300,50:24.8
All,994,lunay,EL NIÑO 👶🏻,Music,10200000,Mexico,162800,238800,50:24.8
All,995,najwashihab,Najwa Shihab,Shows,21100000,Indonesia,82900,114800,50:24.8
All,996,senoritasaeva,Dina Saeva,Lifestyle|Music|Modeling,7700000,Russia,246600,318200,50:24.8
All,997,manuelneuer,Manuel Neuer,Sports with a ball,11500000,Germany,146500,210200,50:24.8
All,998,sahilkhan,India’s Youth & Fitness IC⭕️N®,Fitness|Gym,10100000,India,176500,239800,50:24.8
All,999,mohanshakti,Shakti Mohan,Art|Artists|Cinema|Actors/actresses,13700000,India,146400,175500,50:24.8
All,1000,eduincaz,Eduin Caz,Lifestyle,6200000,Mexico,305600,391900,50:24.8
